data,cod_ibge,municipio,unidade,energia_ok,agua_ok,climatizacao_ok,gerador_ok
2026-04-28,5103403,Cuiabá,UPA Cuiabá,1,1,1,1
2026-04-28,5103403,Cuiabá,Hospital Municipal Cuiabá,1,1,1,1
2026-04-29,5103403,Cuiabá,UPA Cuiabá,1,1,1,1
2026-04-29,5103403,Cuiabá,Hospital Municipal Cuiabá,1,1,1,1
2026-04-30,5103403,Cuiabá,UPA Cuiabá,1,1,1,1
2026-04-30,5103403,Cuiabá,Hospital Municipal Cuiabá,1,1,1,1
2026-05-01,5103403,Cuiabá,UPA Cuiabá,1,1,1,1
2026-05-01,5103403,Cuiabá,Hospital Municipal Cuiabá,1,1,1,1
2026-05-02,5103403,Cuiabá,UPA Cuiabá,1,1,1,1
2026-05-02,5103403,Cuiabá,Hospital Municipal Cuiabá,1,1,1,1
2026-05-03,5103403,Cuiabá,UPA Cuiabá,1,1,1,1
2026-05-03,5103403,Cuiabá,Hospital Municipal Cuiabá,1,1,1,1
2026-05-04,5103403,Cuiabá,UPA Cuiabá,1,1,1,1
2026-05-04,5103403,Cuiabá,Hospital Municipal Cuiabá,1,1,1,1
2026-05-05,5103403,Cuiabá,UPA Cuiabá,1,1,1,1
2026-05-05,5103403,Cuiabá,Hospital Municipal Cuiabá,1,1,1,1
2026-05-06,5103403,Cuiabá,UPA Cuiabá,1,0,1,1
2026-05-06,5103403,Cuiabá,Hospital Municipal Cuiabá,1,1,1,1
2026-05-07,5103403,Cuiabá,UPA Cuiabá,1,1,1,1
2026-05-07,5103403,Cuiabá,Hospital Municipal Cuiabá,1,1,1,1
2026-05-08,5103403,Cuiabá,UPA Cuiabá,1,1,1,1
2026-05-08,5103403,Cuiabá,Hospital Municipal Cuiabá,1,1,1,1
2026-05-09,5103403,Cuiabá,UPA Cuiabá,1,1,1,1
2026-05-09,5103403,Cuiabá,Hospital Municipal Cuiabá,1,1,1,1
2026-05-10,5103403,Cuiabá,UPA Cuiabá,1,1,1,1
2026-05-10,5103403,Cuiabá,Hospital Municipal Cuiabá,0,1,1,1
2026-05-11,5103403,Cuiabá,UPA Cuiabá,1,1,1,1
2026-05-11,5103403,Cuiabá,Hospital Municipal Cuiabá,1,1,1,1
2026-05-12,5103403,Cuiabá,UPA Cuiabá,1,1,1,1
2026-05-12,5103403,Cuiabá,Hospital Municipal Cuiabá,1,1,1,1
2026-05-13,5103403,Cuiabá,UPA Cuiabá,1,1,1,1
2026-05-13,5103403,Cuiabá,Hospital Municipal Cuiabá,1,1,1,1
2026-05-14,5103403,Cuiabá,UPA Cuiabá,1,1,1,1
2026-05-14,5103403,Cuiabá,Hospital Municipal Cuiabá,1,1,1,1
2026-05-15,5103403,Cuiabá,UPA Cuiabá,1,1,1,1
2026-05-15,5103403,Cuiabá,Hospital Municipal Cuiabá,1,1,1,1
2026-05-16,5103403,Cuiabá,UPA Cuiabá,1,1,1,1
2026-05-16,5103403,Cuiabá,Hospital Municipal Cuiabá,1,1,1,1
2026-05-17,5103403,Cuiabá,UPA Cuiabá,1,1,1,1
2026-05-17,5103403,Cuiabá,Hospital Municipal Cuiabá,1,1,1,1
2026-05-18,5103403,Cuiabá,UPA Cuiabá,1,1,1,1
2026-05-18,5103403,Cuiabá,Hospital Municipal Cuiabá,1,1,1,1
2026-05-19,5103403,Cuiabá,UPA Cuiabá,1,1,1,1
2026-05-19,5103403,Cuiabá,Hospital Municipal Cuiabá,1,1,1,1
2026-05-20,5103403,Cuiabá,UPA Cuiabá,1,1,1,1
2026-05-20,5103403,Cuiabá,Hospital Municipal Cuiabá,1,1,1,1
2026-05-21,5103403,Cuiabá,UPA Cuiabá,1,1,1,1
2026-05-21,5103403,Cuiabá,Hospital Municipal Cuiabá,1,1,1,1
2026-05-22,5103403,Cuiabá,UPA Cuiabá,1,1,1,1
2026-05-22,5103403,Cuiabá,Hospital Municipal Cuiabá,1,1,1,1
2026-05-23,5103403,Cuiabá,UPA Cuiabá,1,1,1,1
2026-05-23,5103403,Cuiabá,Hospital Municipal Cuiabá,1,1,1,1
2026-05-24,5103403,Cuiabá,UPA Cuiabá,0,1,1,1
2026-05-24,5103403,Cuiabá,Hospital Municipal Cuiabá,1,1,1,1
2026-05-25,5103403,Cuiabá,UPA Cuiabá,1,1,1,1
2026-05-25,5103403,Cuiabá,Hospital Municipal Cuiabá,1,1,1,1
2026-05-26,5103403,Cuiabá,UPA Cuiabá,1,1,1,1
2026-05-26,5103403,Cuiabá,Hospital Municipal Cuiabá,1,1,1,1
2026-05-27,5103403,Cuiabá,UPA Cuiabá,1,1,1,1
2026-05-27,5103403,Cuiabá,Hospital Municipal Cuiabá,1,1,1,0
2026-05-28,5103403,Cuiabá,UPA Cuiabá,1,1,1,1
2026-05-28,5103403,Cuiabá,Hospital Municipal Cuiabá,1,1,1,1
2026-05-29,5103403,Cuiabá,UPA Cuiabá,1,1,1,1
2026-05-29,5103403,Cuiabá,Hospital Municipal Cuiabá,1,1,1,1
2026-05-30,5103403,Cuiabá,UPA Cuiabá,1,1,1,1
2026-05-30,5103403,Cuiabá,Hospital Municipal Cuiabá,1,1,1,1
2026-05-31,5103403,Cuiabá,UPA Cuiabá,1,1,1,1
2026-05-31,5103403,Cuiabá,Hospital Municipal Cuiabá,1,1,1,1
2026-06-01,5103403,Cuiabá,UPA Cuiabá,1,1,1,1
2026-06-01,5103403,Cuiabá,Hospital Municipal Cuiabá,0,1,1,1
2026-06-02,5103403,Cuiabá,UPA Cuiabá,1,1,1,1
2026-06-02,5103403,Cuiabá,Hospital Municipal Cuiabá,1,1,1,1
2026-06-03,5103403,Cuiabá,UPA Cuiabá,1,1,1,1
2026-06-03,5103403,Cuiabá,Hospital Municipal Cuiabá,1,1,1,1
2026-06-04,5103403,Cuiabá,UPA Cuiabá,1,1,1,1
2026-06-04,5103403,Cuiabá,Hospital Municipal Cuiabá,1,1,1,1
2026-06-05,5103403,Cuiabá,UPA Cuiabá,1,1,1,1
2026-06-05,5103403,Cuiabá,Hospital Municipal Cuiabá,1,1,1,1
2026-06-06,5103403,Cuiabá,UPA Cuiabá,1,1,1,1
2026-06-06,5103403,Cuiabá,Hospital Municipal Cuiabá,1,1,1,1
2026-06-07,5103403,Cuiabá,UPA Cuiabá,1,1,1,1
2026-06-07,5103403,Cuiabá,Hospital Municipal Cuiabá,1,1,1,1
2026-06-08,5103403,Cuiabá,UPA Cuiabá,1,1,1,1
2026-06-08,5103403,Cuiabá,Hospital Municipal Cuiabá,1,1,1,1
2026-06-09,5103403,Cuiabá,UPA Cuiabá,1,1,1,1
2026-06-09,5103403,Cuiabá,Hospital Municipal Cuiabá,1,1,1,1
2026-06-10,5103403,Cuiabá,UPA Cuiabá,1,1,1,0
2026-06-10,5103403,Cuiabá,Hospital Municipal Cuiabá,1,1,1,0
2026-06-11,5103403,Cuiabá,UPA Cuiabá,1,1,1,1
2026-06-11,5103403,Cuiabá,Hospital Municipal Cuiabá,1,1,1,1
2026-06-12,5103403,Cuiabá,UPA Cuiabá,1,1,0,1
2026-06-12,5103403,Cuiabá,Hospital Municipal Cuiabá,1,1,1,1
2026-06-13,5103403,Cuiabá,UPA Cuiabá,1,0,0,1
2026-06-13,5103403,Cuiabá,Hospital Municipal Cuiabá,0,1,1,1
2026-06-14,5103403,Cuiabá,UPA Cuiabá,1,1,0,1
2026-06-14,5103403,Cuiabá,Hospital Municipal Cuiabá,1,1,1,1
2026-06-15,5103403,Cuiabá,UPA Cuiabá,1,1,1,1
2026-06-15,5103403,Cuiabá,Hospital Municipal Cuiabá,1,1,1,1
2026-06-16,5103403,Cuiabá,UPA Cuiabá,1,1,1,1
2026-06-16,5103403,Cuiabá,Hospital Municipal Cuiabá,1,0,1,1
2026-06-17,5103403,Cuiabá,UPA Cuiabá,0,1,1,1
2026-06-17,5103403,Cuiabá,Hospital Municipal Cuiabá,1,0,1,1
2026-06-18,5103403,Cuiabá,UPA Cuiabá,1,1,1,1
2026-06-18,5103403,Cuiabá,Hospital Municipal Cuiabá,1,0,1,1
2026-04-28,5108402,Várzea Grande,UPA Várzea Grande,1,1,1,1
2026-04-28,5108402,Várzea Grande,Hospital Municipal Várzea Grande,1,1,1,1
2026-04-29,5108402,Várzea Grande,UPA Várzea Grande,1,1,1,1
2026-04-29,5108402,Várzea Grande,Hospital Municipal Várzea Grande,1,1,1,1
2026-04-30,5108402,Várzea Grande,UPA Várzea Grande,1,1,1,1
2026-04-30,5108402,Várzea Grande,Hospital Municipal Várzea Grande,1,1,1,1
2026-05-01,5108402,Várzea Grande,UPA Várzea Grande,1,1,1,1
2026-05-01,5108402,Várzea Grande,Hospital Municipal Várzea Grande,1,1,1,1
2026-05-02,5108402,Várzea Grande,UPA Várzea Grande,1,1,1,1
2026-05-02,5108402,Várzea Grande,Hospital Municipal Várzea Grande,1,1,1,1
2026-05-03,5108402,Várzea Grande,UPA Várzea Grande,1,1,1,1
2026-05-03,5108402,Várzea Grande,Hospital Municipal Várzea Grande,1,1,1,1
2026-05-04,5108402,Várzea Grande,UPA Várzea Grande,1,1,1,1
2026-05-04,5108402,Várzea Grande,Hospital Municipal Várzea Grande,1,1,1,1
2026-05-05,5108402,Várzea Grande,UPA Várzea Grande,1,1,1,1
2026-05-05,5108402,Várzea Grande,Hospital Municipal Várzea Grande,1,1,1,1
2026-05-06,5108402,Várzea Grande,UPA Várzea Grande,1,1,1,1
2026-05-06,5108402,Várzea Grande,Hospital Municipal Várzea Grande,1,1,1,1
2026-05-07,5108402,Várzea Grande,UPA Várzea Grande,1,1,1,1
2026-05-07,5108402,Várzea Grande,Hospital Municipal Várzea Grande,1,1,1,1
2026-05-08,5108402,Várzea Grande,UPA Várzea Grande,1,1,1,1
2026-05-08,5108402,Várzea Grande,Hospital Municipal Várzea Grande,1,1,1,1
2026-05-09,5108402,Várzea Grande,UPA Várzea Grande,1,1,0,1
2026-05-09,5108402,Várzea Grande,Hospital Municipal Várzea Grande,1,1,1,1
2026-05-10,5108402,Várzea Grande,UPA Várzea Grande,1,1,1,1
2026-05-10,5108402,Várzea Grande,Hospital Municipal Várzea Grande,1,1,1,1
2026-05-11,5108402,Várzea Grande,UPA Várzea Grande,1,1,1,1
2026-05-11,5108402,Várzea Grande,Hospital Municipal Várzea Grande,1,1,1,1
2026-05-12,5108402,Várzea Grande,UPA Várzea Grande,1,1,1,1
2026-05-12,5108402,Várzea Grande,Hospital Municipal Várzea Grande,1,1,0,1
2026-05-13,5108402,Várzea Grande,UPA Várzea Grande,1,1,1,1
2026-05-13,5108402,Várzea Grande,Hospital Municipal Várzea Grande,1,1,1,1
2026-05-14,5108402,Várzea Grande,UPA Várzea Grande,1,1,1,1
2026-05-14,5108402,Várzea Grande,Hospital Municipal Várzea Grande,1,1,1,1
2026-05-15,5108402,Várzea Grande,UPA Várzea Grande,1,1,1,1
2026-05-15,5108402,Várzea Grande,Hospital Municipal Várzea Grande,1,1,1,1
2026-05-16,5108402,Várzea Grande,UPA Várzea Grande,1,1,1,1
2026-05-16,5108402,Várzea Grande,Hospital Municipal Várzea Grande,1,1,1,1
2026-05-17,5108402,Várzea Grande,UPA Várzea Grande,1,1,1,1
2026-05-17,5108402,Várzea Grande,Hospital Municipal Várzea Grande,1,1,1,1
2026-05-18,5108402,Várzea Grande,UPA Várzea Grande,1,1,1,1
2026-05-18,5108402,Várzea Grande,Hospital Municipal Várzea Grande,1,1,1,1
2026-05-19,5108402,Várzea Grande,UPA Várzea Grande,1,1,1,1
2026-05-19,5108402,Várzea Grande,Hospital Municipal Várzea Grande,1,1,1,1
2026-05-20,5108402,Várzea Grande,UPA Várzea Grande,1,1,1,1
2026-05-20,5108402,Várzea Grande,Hospital Municipal Várzea Grande,1,1,1,1
2026-05-21,5108402,Várzea Grande,UPA Várzea Grande,1,1,1,1
2026-05-21,5108402,Várzea Grande,Hospital Municipal Várzea Grande,1,1,1,1
2026-05-22,5108402,Várzea Grande,UPA Várzea Grande,1,1,1,1
2026-05-22,5108402,Várzea Grande,Hospital Municipal Várzea Grande,1,1,1,1
2026-05-23,5108402,Várzea Grande,UPA Várzea Grande,1,1,1,1
2026-05-23,5108402,Várzea Grande,Hospital Municipal Várzea Grande,1,1,1,1
2026-05-24,5108402,Várzea Grande,UPA Várzea Grande,1,1,1,1
2026-05-24,5108402,Várzea Grande,Hospital Municipal Várzea Grande,1,1,1,1
2026-05-25,5108402,Várzea Grande,UPA Várzea Grande,1,1,1,1
2026-05-25,5108402,Várzea Grande,Hospital Municipal Várzea Grande,1,1,1,1
2026-05-26,5108402,Várzea Grande,UPA Várzea Grande,1,1,1,1
2026-05-26,5108402,Várzea Grande,Hospital Municipal Várzea Grande,1,1,1,1
2026-05-27,5108402,Várzea Grande,UPA Várzea Grande,1,1,1,1
2026-05-27,5108402,Várzea Grande,Hospital Municipal Várzea Grande,1,1,1,1
2026-05-28,5108402,Várzea Grande,UPA Várzea Grande,1,1,1,1
2026-05-28,5108402,Várzea Grande,Hospital Municipal Várzea Grande,0,1,1,1
2026-05-29,5108402,Várzea Grande,UPA Várzea Grande,1,1,1,1
2026-05-29,5108402,Várzea Grande,Hospital Municipal Várzea Grande,1,1,0,1
2026-05-30,5108402,Várzea Grande,UPA Várzea Grande,1,1,1,1
2026-05-30,5108402,Várzea Grande,Hospital Municipal Várzea Grande,1,1,1,1
2026-05-31,5108402,Várzea Grande,UPA Várzea Grande,1,1,1,1
2026-05-31,5108402,Várzea Grande,Hospital Municipal Várzea Grande,1,1,1,1
2026-06-01,5108402,Várzea Grande,UPA Várzea Grande,1,1,1,1
2026-06-01,5108402,Várzea Grande,Hospital Municipal Várzea Grande,1,1,1,1
2026-06-02,5108402,Várzea Grande,UPA Várzea Grande,1,1,1,1
2026-06-02,5108402,Várzea Grande,Hospital Municipal Várzea Grande,1,1,1,1
2026-06-03,5108402,Várzea Grande,UPA Várzea Grande,1,1,1,1
2026-06-03,5108402,Várzea Grande,Hospital Municipal Várzea Grande,1,1,1,1
2026-06-04,5108402,Várzea Grande,UPA Várzea Grande,1,1,1,1
2026-06-04,5108402,Várzea Grande,Hospital Municipal Várzea Grande,1,1,1,1
2026-06-05,5108402,Várzea Grande,UPA Várzea Grande,1,1,1,1
2026-06-05,5108402,Várzea Grande,Hospital Municipal Várzea Grande,1,1,1,1
2026-06-06,5108402,Várzea Grande,UPA Várzea Grande,1,1,1,1
2026-06-06,5108402,Várzea Grande,Hospital Municipal Várzea Grande,1,1,1,1
2026-06-07,5108402,Várzea Grande,UPA Várzea Grande,1,1,1,1
2026-06-07,5108402,Várzea Grande,Hospital Municipal Várzea Grande,1,1,1,1
2026-06-08,5108402,Várzea Grande,UPA Várzea Grande,1,1,1,1
2026-06-08,5108402,Várzea Grande,Hospital Municipal Várzea Grande,1,1,1,1
2026-06-09,5108402,Várzea Grande,UPA Várzea Grande,1,1,1,1
2026-06-09,5108402,Várzea Grande,Hospital Municipal Várzea Grande,1,1,1,1
2026-06-10,5108402,Várzea Grande,UPA Várzea Grande,1,1,1,1
2026-06-10,5108402,Várzea Grande,Hospital Municipal Várzea Grande,1,1,1,1
2026-06-11,5108402,Várzea Grande,UPA Várzea Grande,1,1,1,1
2026-06-11,5108402,Várzea Grande,Hospital Municipal Várzea Grande,1,1,1,1
2026-06-12,5108402,Várzea Grande,UPA Várzea Grande,0,1,1,1
2026-06-12,5108402,Várzea Grande,Hospital Municipal Várzea Grande,1,1,1,1
2026-06-13,5108402,Várzea Grande,UPA Várzea Grande,1,1,1,1
2026-06-13,5108402,Várzea Grande,Hospital Municipal Várzea Grande,1,1,1,1
2026-06-14,5108402,Várzea Grande,UPA Várzea Grande,1,1,1,1
2026-06-14,5108402,Várzea Grande,Hospital Municipal Várzea Grande,1,1,1,1
2026-06-15,5108402,Várzea Grande,UPA Várzea Grande,0,1,1,1
2026-06-15,5108402,Várzea Grande,Hospital Municipal Várzea Grande,1,1,1,1
2026-06-16,5108402,Várzea Grande,UPA Várzea Grande,1,1,1,1
2026-06-16,5108402,Várzea Grande,Hospital Municipal Várzea Grande,1,1,1,1
2026-06-17,5108402,Várzea Grande,UPA Várzea Grande,1,1,0,1
2026-06-17,5108402,Várzea Grande,Hospital Municipal Várzea Grande,1,1,1,1
2026-06-18,5108402,Várzea Grande,UPA Várzea Grande,0,1,1,1
2026-06-18,5108402,Várzea Grande,Hospital Municipal Várzea Grande,1,1,1,1
2026-04-28,5107602,Rondonópolis,UPA Rondonópolis,1,1,1,1
2026-04-28,5107602,Rondonópolis,Hospital Municipal Rondonópolis,1,1,1,1
2026-04-29,5107602,Rondonópolis,UPA Rondonópolis,1,1,1,1
2026-04-29,5107602,Rondonópolis,Hospital Municipal Rondonópolis,1,1,1,1
2026-04-30,5107602,Rondonópolis,UPA Rondonópolis,1,1,1,1
2026-04-30,5107602,Rondonópolis,Hospital Municipal Rondonópolis,1,1,1,1
2026-05-01,5107602,Rondonópolis,UPA Rondonópolis,1,1,1,1
2026-05-01,5107602,Rondonópolis,Hospital Municipal Rondonópolis,1,1,1,1
2026-05-02,5107602,Rondonópolis,UPA Rondonópolis,1,1,1,0
2026-05-02,5107602,Rondonópolis,Hospital Municipal Rondonópolis,1,1,1,1
2026-05-03,5107602,Rondonópolis,UPA Rondonópolis,1,1,1,1
2026-05-03,5107602,Rondonópolis,Hospital Municipal Rondonópolis,1,1,1,1
2026-05-04,5107602,Rondonópolis,UPA Rondonópolis,1,1,1,1
2026-05-04,5107602,Rondonópolis,Hospital Municipal Rondonópolis,1,1,1,1
2026-05-05,5107602,Rondonópolis,UPA Rondonópolis,1,1,1,1
2026-05-05,5107602,Rondonópolis,Hospital Municipal Rondonópolis,1,1,1,1
2026-05-06,5107602,Rondonópolis,UPA Rondonópolis,1,1,1,1
2026-05-06,5107602,Rondonópolis,Hospital Municipal Rondonópolis,1,1,1,1
2026-05-07,5107602,Rondonópolis,UPA Rondonópolis,1,1,1,1
2026-05-07,5107602,Rondonópolis,Hospital Municipal Rondonópolis,1,1,1,1
2026-05-08,5107602,Rondonópolis,UPA Rondonópolis,1,1,1,1
2026-05-08,5107602,Rondonópolis,Hospital Municipal Rondonópolis,1,1,1,1
2026-05-09,5107602,Rondonópolis,UPA Rondonópolis,1,1,1,1
2026-05-09,5107602,Rondonópolis,Hospital Municipal Rondonópolis,1,1,1,1
2026-05-10,5107602,Rondonópolis,UPA Rondonópolis,1,1,1,1
2026-05-10,5107602,Rondonópolis,Hospital Municipal Rondonópolis,1,1,1,1
2026-05-11,5107602,Rondonópolis,UPA Rondonópolis,1,1,1,1
2026-05-11,5107602,Rondonópolis,Hospital Municipal Rondonópolis,1,1,1,1
2026-05-12,5107602,Rondonópolis,UPA Rondonópolis,1,1,1,1
2026-05-12,5107602,Rondonópolis,Hospital Municipal Rondonópolis,1,1,1,1
2026-05-13,5107602,Rondonópolis,UPA Rondonópolis,1,1,1,1
2026-05-13,5107602,Rondonópolis,Hospital Municipal Rondonópolis,1,1,1,1
2026-05-14,5107602,Rondonópolis,UPA Rondonópolis,1,1,1,1
2026-05-14,5107602,Rondonópolis,Hospital Municipal Rondonópolis,1,1,1,1
2026-05-15,5107602,Rondonópolis,UPA Rondonópolis,1,1,1,1
2026-05-15,5107602,Rondonópolis,Hospital Municipal Rondonópolis,1,1,1,1
2026-05-16,5107602,Rondonópolis,UPA Rondonópolis,1,1,1,1
2026-05-16,5107602,Rondonópolis,Hospital Municipal Rondonópolis,1,1,1,0
2026-05-17,5107602,Rondonópolis,UPA Rondonópolis,1,1,1,1
2026-05-17,5107602,Rondonópolis,Hospital Municipal Rondonópolis,1,1,1,1
2026-05-18,5107602,Rondonópolis,UPA Rondonópolis,1,1,1,1
2026-05-18,5107602,Rondonópolis,Hospital Municipal Rondonópolis,1,1,1,0
2026-05-19,5107602,Rondonópolis,UPA Rondonópolis,1,1,1,0
2026-05-19,5107602,Rondonópolis,Hospital Municipal Rondonópolis,1,1,1,1
2026-05-20,5107602,Rondonópolis,UPA Rondonópolis,1,1,1,1
2026-05-20,5107602,Rondonópolis,Hospital Municipal Rondonópolis,1,1,1,1
2026-05-21,5107602,Rondonópolis,UPA Rondonópolis,1,1,1,1
2026-05-21,5107602,Rondonópolis,Hospital Municipal Rondonópolis,1,1,1,1
2026-05-22,5107602,Rondonópolis,UPA Rondonópolis,1,1,1,1
2026-05-22,5107602,Rondonópolis,Hospital Municipal Rondonópolis,1,1,1,1
2026-05-23,5107602,Rondonópolis,UPA Rondonópolis,1,1,1,1
2026-05-23,5107602,Rondonópolis,Hospital Municipal Rondonópolis,0,1,1,1
2026-05-24,5107602,Rondonópolis,UPA Rondonópolis,1,1,1,1
2026-05-24,5107602,Rondonópolis,Hospital Municipal Rondonópolis,1,1,1,1
2026-05-25,5107602,Rondonópolis,UPA Rondonópolis,1,1,1,0
2026-05-25,5107602,Rondonópolis,Hospital Municipal Rondonópolis,1,1,1,1
2026-05-26,5107602,Rondonópolis,UPA Rondonópolis,1,1,1,1
2026-05-26,5107602,Rondonópolis,Hospital Municipal Rondonópolis,1,1,1,1
2026-05-27,5107602,Rondonópolis,UPA Rondonópolis,1,1,1,1
2026-05-27,5107602,Rondonópolis,Hospital Municipal Rondonópolis,1,1,1,1
2026-05-28,5107602,Rondonópolis,UPA Rondonópolis,1,1,1,1
2026-05-28,5107602,Rondonópolis,Hospital Municipal Rondonópolis,1,1,1,1
2026-05-29,5107602,Rondonópolis,UPA Rondonópolis,1,1,1,1
2026-05-29,5107602,Rondonópolis,Hospital Municipal Rondonópolis,1,1,1,1
2026-05-30,5107602,Rondonópolis,UPA Rondonópolis,1,1,1,1
2026-05-30,5107602,Rondonópolis,Hospital Municipal Rondonópolis,1,1,1,1
2026-05-31,5107602,Rondonópolis,UPA Rondonópolis,1,1,1,1
2026-05-31,5107602,Rondonópolis,Hospital Municipal Rondonópolis,1,1,1,1
2026-06-01,5107602,Rondonópolis,UPA Rondonópolis,1,1,1,1
2026-06-01,5107602,Rondonópolis,Hospital Municipal Rondonópolis,1,1,1,1
2026-06-02,5107602,Rondonópolis,UPA Rondonópolis,1,1,1,1
2026-06-02,5107602,Rondonópolis,Hospital Municipal Rondonópolis,1,1,1,1
2026-06-03,5107602,Rondonópolis,UPA Rondonópolis,1,1,1,1
2026-06-03,5107602,Rondonópolis,Hospital Municipal Rondonópolis,1,1,1,1
2026-06-04,5107602,Rondonópolis,UPA Rondonópolis,1,1,1,1
2026-06-04,5107602,Rondonópolis,Hospital Municipal Rondonópolis,1,1,1,1
2026-06-05,5107602,Rondonópolis,UPA Rondonópolis,1,1,1,1
2026-06-05,5107602,Rondonópolis,Hospital Municipal Rondonópolis,1,1,1,1
2026-06-06,5107602,Rondonópolis,UPA Rondonópolis,1,1,1,1
2026-06-06,5107602,Rondonópolis,Hospital Municipal Rondonópolis,1,1,1,1
2026-06-07,5107602,Rondonópolis,UPA Rondonópolis,1,1,1,1
2026-06-07,5107602,Rondonópolis,Hospital Municipal Rondonópolis,1,1,1,1
2026-06-08,5107602,Rondonópolis,UPA Rondonópolis,1,1,1,1
2026-06-08,5107602,Rondonópolis,Hospital Municipal Rondonópolis,1,1,1,1
2026-06-09,5107602,Rondonópolis,UPA Rondonópolis,1,1,1,1
2026-06-09,5107602,Rondonópolis,Hospital Municipal Rondonópolis,1,1,1,0
2026-06-10,5107602,Rondonópolis,UPA Rondonópolis,1,1,1,1
2026-06-10,5107602,Rondonópolis,Hospital Municipal Rondonópolis,1,1,1,1
2026-06-11,5107602,Rondonópolis,UPA Rondonópolis,1,1,1,1
2026-06-11,5107602,Rondonópolis,Hospital Municipal Rondonópolis,1,1,1,1
2026-06-12,5107602,Rondonópolis,UPA Rondonópolis,1,1,1,1
2026-06-12,5107602,Rondonópolis,Hospital Municipal Rondonópolis,1,1,1,1
2026-06-13,5107602,Rondonópolis,UPA Rondonópolis,1,1,1,1
2026-06-13,5107602,Rondonópolis,Hospital Municipal Rondonópolis,1,1,1,1
2026-06-14,5107602,Rondonópolis,UPA Rondonópolis,1,1,1,1
2026-06-14,5107602,Rondonópolis,Hospital Municipal Rondonópolis,1,1,1,1
2026-06-15,5107602,Rondonópolis,UPA Rondonópolis,1,1,0,1
2026-06-15,5107602,Rondonópolis,Hospital Municipal Rondonópolis,1,1,1,1
2026-06-16,5107602,Rondonópolis,UPA Rondonópolis,1,1,1,1
2026-06-16,5107602,Rondonópolis,Hospital Municipal Rondonópolis,1,1,1,1
2026-06-17,5107602,Rondonópolis,UPA Rondonópolis,1,1,1,1
2026-06-17,5107602,Rondonópolis,Hospital Municipal Rondonópolis,1,0,1,1
2026-06-18,5107602,Rondonópolis,UPA Rondonópolis,1,1,1,1
2026-06-18,5107602,Rondonópolis,Hospital Municipal Rondonópolis,1,1,1,1
2026-04-28,5107909,Sinop,UPA Sinop,1,1,1,1
2026-04-28,5107909,Sinop,Hospital Municipal Sinop,1,1,1,1
2026-04-29,5107909,Sinop,UPA Sinop,1,1,1,1
2026-04-29,5107909,Sinop,Hospital Municipal Sinop,1,1,1,1
2026-04-30,5107909,Sinop,UPA Sinop,1,1,1,0
2026-04-30,5107909,Sinop,Hospital Municipal Sinop,1,1,1,1
2026-05-01,5107909,Sinop,UPA Sinop,1,1,1,1
2026-05-01,5107909,Sinop,Hospital Municipal Sinop,1,1,1,1
2026-05-02,5107909,Sinop,UPA Sinop,1,1,1,1
2026-05-02,5107909,Sinop,Hospital Municipal Sinop,1,1,1,1
2026-05-03,5107909,Sinop,UPA Sinop,1,1,1,1
2026-05-03,5107909,Sinop,Hospital Municipal Sinop,1,1,1,0
2026-05-04,5107909,Sinop,UPA Sinop,1,1,1,0
2026-05-04,5107909,Sinop,Hospital Municipal Sinop,1,1,1,1
2026-05-05,5107909,Sinop,UPA Sinop,1,1,1,1
2026-05-05,5107909,Sinop,Hospital Municipal Sinop,1,1,1,1
2026-05-06,5107909,Sinop,UPA Sinop,1,1,1,1
2026-05-06,5107909,Sinop,Hospital Municipal Sinop,1,1,1,1
2026-05-07,5107909,Sinop,UPA Sinop,1,1,1,1
2026-05-07,5107909,Sinop,Hospital Municipal Sinop,1,1,1,1
2026-05-08,5107909,Sinop,UPA Sinop,1,1,1,1
2026-05-08,5107909,Sinop,Hospital Municipal Sinop,1,1,1,1
2026-05-09,5107909,Sinop,UPA Sinop,1,1,1,1
2026-05-09,5107909,Sinop,Hospital Municipal Sinop,1,1,1,1
2026-05-10,5107909,Sinop,UPA Sinop,1,1,1,1
2026-05-10,5107909,Sinop,Hospital Municipal Sinop,1,1,1,1
2026-05-11,5107909,Sinop,UPA Sinop,1,1,1,1
2026-05-11,5107909,Sinop,Hospital Municipal Sinop,1,1,1,1
2026-05-12,5107909,Sinop,UPA Sinop,1,1,1,1
2026-05-12,5107909,Sinop,Hospital Municipal Sinop,1,1,1,1
2026-05-13,5107909,Sinop,UPA Sinop,1,1,1,1
2026-05-13,5107909,Sinop,Hospital Municipal Sinop,1,1,1,1
2026-05-14,5107909,Sinop,UPA Sinop,1,1,1,1
2026-05-14,5107909,Sinop,Hospital Municipal Sinop,1,1,1,1
2026-05-15,5107909,Sinop,UPA Sinop,1,1,1,1
2026-05-15,5107909,Sinop,Hospital Municipal Sinop,1,1,1,1
2026-05-16,5107909,Sinop,UPA Sinop,1,1,1,1
2026-05-16,5107909,Sinop,Hospital Municipal Sinop,1,1,1,1
2026-05-17,5107909,Sinop,UPA Sinop,1,1,1,1
2026-05-17,5107909,Sinop,Hospital Municipal Sinop,1,1,1,1
2026-05-18,5107909,Sinop,UPA Sinop,1,1,1,1
2026-05-18,5107909,Sinop,Hospital Municipal Sinop,1,1,1,1
2026-05-19,5107909,Sinop,UPA Sinop,1,1,1,1
2026-05-19,5107909,Sinop,Hospital Municipal Sinop,1,1,1,1
2026-05-20,5107909,Sinop,UPA Sinop,1,1,1,1
2026-05-20,5107909,Sinop,Hospital Municipal Sinop,1,1,1,1
2026-05-21,5107909,Sinop,UPA Sinop,1,1,1,1
2026-05-21,5107909,Sinop,Hospital Municipal Sinop,1,1,1,1
2026-05-22,5107909,Sinop,UPA Sinop,1,1,1,1
2026-05-22,5107909,Sinop,Hospital Municipal Sinop,1,1,1,1
2026-05-23,5107909,Sinop,UPA Sinop,1,1,1,1
2026-05-23,5107909,Sinop,Hospital Municipal Sinop,1,1,1,1
2026-05-24,5107909,Sinop,UPA Sinop,1,1,1,1
2026-05-24,5107909,Sinop,Hospital Municipal Sinop,1,1,1,1
2026-05-25,5107909,Sinop,UPA Sinop,1,1,1,1
2026-05-25,5107909,Sinop,Hospital Municipal Sinop,1,1,1,1
2026-05-26,5107909,Sinop,UPA Sinop,1,1,1,1
2026-05-26,5107909,Sinop,Hospital Municipal Sinop,1,1,1,1
2026-05-27,5107909,Sinop,UPA Sinop,1,1,1,1
2026-05-27,5107909,Sinop,Hospital Municipal Sinop,1,1,1,1
2026-05-28,5107909,Sinop,UPA Sinop,1,1,1,1
2026-05-28,5107909,Sinop,Hospital Municipal Sinop,1,1,1,1
2026-05-29,5107909,Sinop,UPA Sinop,1,1,1,1
2026-05-29,5107909,Sinop,Hospital Municipal Sinop,1,1,1,1
2026-05-30,5107909,Sinop,UPA Sinop,1,1,1,1
2026-05-30,5107909,Sinop,Hospital Municipal Sinop,1,1,1,1
2026-05-31,5107909,Sinop,UPA Sinop,1,1,1,1
2026-05-31,5107909,Sinop,Hospital Municipal Sinop,1,1,1,1
2026-06-01,5107909,Sinop,UPA Sinop,1,1,1,1
2026-06-01,5107909,Sinop,Hospital Municipal Sinop,1,1,1,1
2026-06-02,5107909,Sinop,UPA Sinop,1,1,1,1
2026-06-02,5107909,Sinop,Hospital Municipal Sinop,1,1,1,1
2026-06-03,5107909,Sinop,UPA Sinop,1,1,1,1
2026-06-03,5107909,Sinop,Hospital Municipal Sinop,1,1,1,1
2026-06-04,5107909,Sinop,UPA Sinop,1,1,1,1
2026-06-04,5107909,Sinop,Hospital Municipal Sinop,1,1,1,1
2026-06-05,5107909,Sinop,UPA Sinop,1,1,1,1
2026-06-05,5107909,Sinop,Hospital Municipal Sinop,1,1,1,1
2026-06-06,5107909,Sinop,UPA Sinop,1,1,1,1
2026-06-06,5107909,Sinop,Hospital Municipal Sinop,1,1,1,1
2026-06-07,5107909,Sinop,UPA Sinop,1,1,1,1
2026-06-07,5107909,Sinop,Hospital Municipal Sinop,1,1,1,1
2026-06-08,5107909,Sinop,UPA Sinop,1,1,1,0
2026-06-08,5107909,Sinop,Hospital Municipal Sinop,1,1,1,1
2026-06-09,5107909,Sinop,UPA Sinop,1,1,1,1
2026-06-09,5107909,Sinop,Hospital Municipal Sinop,1,1,1,1
2026-06-10,5107909,Sinop,UPA Sinop,1,1,1,1
2026-06-10,5107909,Sinop,Hospital Municipal Sinop,1,1,1,1
2026-06-11,5107909,Sinop,UPA Sinop,0,1,1,1
2026-06-11,5107909,Sinop,Hospital Municipal Sinop,1,1,1,1
2026-06-12,5107909,Sinop,UPA Sinop,1,1,1,1
2026-06-12,5107909,Sinop,Hospital Municipal Sinop,1,1,1,1
2026-06-13,5107909,Sinop,UPA Sinop,1,1,1,1
2026-06-13,5107909,Sinop,Hospital Municipal Sinop,1,1,1,1
2026-06-14,5107909,Sinop,UPA Sinop,1,1,1,1
2026-06-14,5107909,Sinop,Hospital Municipal Sinop,1,1,1,1
2026-06-15,5107909,Sinop,UPA Sinop,0,1,1,1
2026-06-15,5107909,Sinop,Hospital Municipal Sinop,1,0,1,1
2026-06-16,5107909,Sinop,UPA Sinop,1,1,1,1
2026-06-16,5107909,Sinop,Hospital Municipal Sinop,1,1,1,1
2026-06-17,5107909,Sinop,UPA Sinop,1,1,1,1
2026-06-17,5107909,Sinop,Hospital Municipal Sinop,1,1,1,1
2026-06-18,5107909,Sinop,UPA Sinop,1,1,1,1
2026-06-18,5107909,Sinop,Hospital Municipal Sinop,1,1,1,1
2026-04-28,5107925,Sorriso,UPA Sorriso,1,1,1,1
2026-04-28,5107925,Sorriso,Hospital Municipal Sorriso,1,1,1,1
2026-04-29,5107925,Sorriso,UPA Sorriso,1,1,1,1
2026-04-29,5107925,Sorriso,Hospital Municipal Sorriso,1,1,1,1
2026-04-30,5107925,Sorriso,UPA Sorriso,1,1,1,1
2026-04-30,5107925,Sorriso,Hospital Municipal Sorriso,1,1,1,1
2026-05-01,5107925,Sorriso,UPA Sorriso,1,1,1,1
2026-05-01,5107925,Sorriso,Hospital Municipal Sorriso,1,1,1,1
2026-05-02,5107925,Sorriso,UPA Sorriso,1,1,1,1
2026-05-02,5107925,Sorriso,Hospital Municipal Sorriso,1,1,1,1
2026-05-03,5107925,Sorriso,UPA Sorriso,1,1,1,1
2026-05-03,5107925,Sorriso,Hospital Municipal Sorriso,1,1,1,1
2026-05-04,5107925,Sorriso,UPA Sorriso,1,1,1,1
2026-05-04,5107925,Sorriso,Hospital Municipal Sorriso,1,1,1,1
2026-05-05,5107925,Sorriso,UPA Sorriso,1,1,1,1
2026-05-05,5107925,Sorriso,Hospital Municipal Sorriso,1,1,1,0
2026-05-06,5107925,Sorriso,UPA Sorriso,1,1,1,1
2026-05-06,5107925,Sorriso,Hospital Municipal Sorriso,1,1,1,1
2026-05-07,5107925,Sorriso,UPA Sorriso,1,1,1,1
2026-05-07,5107925,Sorriso,Hospital Municipal Sorriso,1,1,1,1
2026-05-08,5107925,Sorriso,UPA Sorriso,1,1,1,1
2026-05-08,5107925,Sorriso,Hospital Municipal Sorriso,1,1,1,1
2026-05-09,5107925,Sorriso,UPA Sorriso,1,1,1,1
2026-05-09,5107925,Sorriso,Hospital Municipal Sorriso,1,1,1,0
2026-05-10,5107925,Sorriso,UPA Sorriso,1,1,1,1
2026-05-10,5107925,Sorriso,Hospital Municipal Sorriso,1,1,1,1
2026-05-11,5107925,Sorriso,UPA Sorriso,1,1,1,1
2026-05-11,5107925,Sorriso,Hospital Municipal Sorriso,1,1,1,1
2026-05-12,5107925,Sorriso,UPA Sorriso,1,1,1,1
2026-05-12,5107925,Sorriso,Hospital Municipal Sorriso,1,1,1,1
2026-05-13,5107925,Sorriso,UPA Sorriso,1,1,1,1
2026-05-13,5107925,Sorriso,Hospital Municipal Sorriso,1,1,1,1
2026-05-14,5107925,Sorriso,UPA Sorriso,1,1,1,1
2026-05-14,5107925,Sorriso,Hospital Municipal Sorriso,1,1,1,1
2026-05-15,5107925,Sorriso,UPA Sorriso,1,1,1,1
2026-05-15,5107925,Sorriso,Hospital Municipal Sorriso,1,1,1,1
2026-05-16,5107925,Sorriso,UPA Sorriso,1,1,1,1
2026-05-16,5107925,Sorriso,Hospital Municipal Sorriso,1,1,1,1
2026-05-17,5107925,Sorriso,UPA Sorriso,1,1,1,1
2026-05-17,5107925,Sorriso,Hospital Municipal Sorriso,1,1,1,1
2026-05-18,5107925,Sorriso,UPA Sorriso,1,1,1,1
2026-05-18,5107925,Sorriso,Hospital Municipal Sorriso,1,1,1,1
2026-05-19,5107925,Sorriso,UPA Sorriso,1,1,1,1
2026-05-19,5107925,Sorriso,Hospital Municipal Sorriso,1,1,1,1
2026-05-20,5107925,Sorriso,UPA Sorriso,1,1,1,1
2026-05-20,5107925,Sorriso,Hospital Municipal Sorriso,1,1,1,1
2026-05-21,5107925,Sorriso,UPA Sorriso,1,1,1,1
2026-05-21,5107925,Sorriso,Hospital Municipal Sorriso,1,1,1,1
2026-05-22,5107925,Sorriso,UPA Sorriso,1,1,1,1
2026-05-22,5107925,Sorriso,Hospital Municipal Sorriso,1,1,1,1
2026-05-23,5107925,Sorriso,UPA Sorriso,1,1,1,1
2026-05-23,5107925,Sorriso,Hospital Municipal Sorriso,1,1,1,1
2026-05-24,5107925,Sorriso,UPA Sorriso,1,1,1,1
2026-05-24,5107925,Sorriso,Hospital Municipal Sorriso,1,1,1,1
2026-05-25,5107925,Sorriso,UPA Sorriso,0,1,1,1
2026-05-25,5107925,Sorriso,Hospital Municipal Sorriso,1,1,1,1
2026-05-26,5107925,Sorriso,UPA Sorriso,1,1,1,0
2026-05-26,5107925,Sorriso,Hospital Municipal Sorriso,1,1,1,1
2026-05-27,5107925,Sorriso,UPA Sorriso,1,1,1,1
2026-05-27,5107925,Sorriso,Hospital Municipal Sorriso,1,1,1,1
2026-05-28,5107925,Sorriso,UPA Sorriso,1,1,1,1
2026-05-28,5107925,Sorriso,Hospital Municipal Sorriso,1,1,1,1
2026-05-29,5107925,Sorriso,UPA Sorriso,1,1,1,1
2026-05-29,5107925,Sorriso,Hospital Municipal Sorriso,1,1,1,1
2026-05-30,5107925,Sorriso,UPA Sorriso,1,1,1,0
2026-05-30,5107925,Sorriso,Hospital Municipal Sorriso,1,1,1,1
2026-05-31,5107925,Sorriso,UPA Sorriso,1,1,0,1
2026-05-31,5107925,Sorriso,Hospital Municipal Sorriso,1,1,1,1
2026-06-01,5107925,Sorriso,UPA Sorriso,1,1,1,1
2026-06-01,5107925,Sorriso,Hospital Municipal Sorriso,1,1,1,1
2026-06-02,5107925,Sorriso,UPA Sorriso,1,1,1,1
2026-06-02,5107925,Sorriso,Hospital Municipal Sorriso,1,1,1,1
2026-06-03,5107925,Sorriso,UPA Sorriso,1,1,1,1
2026-06-03,5107925,Sorriso,Hospital Municipal Sorriso,1,1,1,1
2026-06-04,5107925,Sorriso,UPA Sorriso,1,1,1,1
2026-06-04,5107925,Sorriso,Hospital Municipal Sorriso,0,1,1,1
2026-06-05,5107925,Sorriso,UPA Sorriso,1,1,1,1
2026-06-05,5107925,Sorriso,Hospital Municipal Sorriso,1,1,1,1
2026-06-06,5107925,Sorriso,UPA Sorriso,1,1,1,1
2026-06-06,5107925,Sorriso,Hospital Municipal Sorriso,1,1,1,1
2026-06-07,5107925,Sorriso,UPA Sorriso,1,1,1,1
2026-06-07,5107925,Sorriso,Hospital Municipal Sorriso,1,1,1,1
2026-06-08,5107925,Sorriso,UPA Sorriso,1,1,1,1
2026-06-08,5107925,Sorriso,Hospital Municipal Sorriso,1,1,1,1
2026-06-09,5107925,Sorriso,UPA Sorriso,1,1,1,1
2026-06-09,5107925,Sorriso,Hospital Municipal Sorriso,1,1,1,1
2026-06-10,5107925,Sorriso,UPA Sorriso,1,1,1,1
2026-06-10,5107925,Sorriso,Hospital Municipal Sorriso,1,1,1,1
2026-06-11,5107925,Sorriso,UPA Sorriso,1,1,1,1
2026-06-11,5107925,Sorriso,Hospital Municipal Sorriso,1,1,1,1
2026-06-12,5107925,Sorriso,UPA Sorriso,1,1,1,1
2026-06-12,5107925,Sorriso,Hospital Municipal Sorriso,1,1,1,1
2026-06-13,5107925,Sorriso,UPA Sorriso,1,1,1,1
2026-06-13,5107925,Sorriso,Hospital Municipal Sorriso,1,1,1,1
2026-06-14,5107925,Sorriso,UPA Sorriso,1,1,0,1
2026-06-14,5107925,Sorriso,Hospital Municipal Sorriso,1,1,1,1
2026-06-15,5107925,Sorriso,UPA Sorriso,1,1,1,1
2026-06-15,5107925,Sorriso,Hospital Municipal Sorriso,1,0,1,0
2026-06-16,5107925,Sorriso,UPA Sorriso,1,1,1,1
2026-06-16,5107925,Sorriso,Hospital Municipal Sorriso,0,1,1,1
2026-06-17,5107925,Sorriso,UPA Sorriso,1,1,1,1
2026-06-17,5107925,Sorriso,Hospital Municipal Sorriso,1,1,1,1
2026-06-18,5107925,Sorriso,UPA Sorriso,1,1,1,1
2026-06-18,5107925,Sorriso,Hospital Municipal Sorriso,1,1,0,1
2026-04-28,5102504,Cáceres,UPA Cáceres,1,1,1,1
2026-04-28,5102504,Cáceres,Hospital Municipal Cáceres,1,1,1,1
2026-04-29,5102504,Cáceres,UPA Cáceres,1,1,1,1
2026-04-29,5102504,Cáceres,Hospital Municipal Cáceres,1,1,1,1
2026-04-30,5102504,Cáceres,UPA Cáceres,1,1,1,1
2026-04-30,5102504,Cáceres,Hospital Municipal Cáceres,1,0,1,1
2026-05-01,5102504,Cáceres,UPA Cáceres,1,1,1,1
2026-05-01,5102504,Cáceres,Hospital Municipal Cáceres,1,1,1,1
2026-05-02,5102504,Cáceres,UPA Cáceres,1,1,1,1
2026-05-02,5102504,Cáceres,Hospital Municipal Cáceres,0,1,1,1
2026-05-03,5102504,Cáceres,UPA Cáceres,1,1,1,1
2026-05-03,5102504,Cáceres,Hospital Municipal Cáceres,1,1,1,1
2026-05-04,5102504,Cáceres,UPA Cáceres,1,1,1,1
2026-05-04,5102504,Cáceres,Hospital Municipal Cáceres,1,1,1,1
2026-05-05,5102504,Cáceres,UPA Cáceres,1,1,1,1
2026-05-05,5102504,Cáceres,Hospital Municipal Cáceres,1,1,1,0
2026-05-06,5102504,Cáceres,UPA Cáceres,1,1,1,1
2026-05-06,5102504,Cáceres,Hospital Municipal Cáceres,1,1,1,1
2026-05-07,5102504,Cáceres,UPA Cáceres,1,1,1,1
2026-05-07,5102504,Cáceres,Hospital Municipal Cáceres,1,1,1,1
2026-05-08,5102504,Cáceres,UPA Cáceres,1,1,1,1
2026-05-08,5102504,Cáceres,Hospital Municipal Cáceres,1,1,1,1
2026-05-09,5102504,Cáceres,UPA Cáceres,1,1,1,1
2026-05-09,5102504,Cáceres,Hospital Municipal Cáceres,1,1,1,1
2026-05-10,5102504,Cáceres,UPA Cáceres,1,1,1,1
2026-05-10,5102504,Cáceres,Hospital Municipal Cáceres,1,1,1,1
2026-05-11,5102504,Cáceres,UPA Cáceres,1,1,1,0
2026-05-11,5102504,Cáceres,Hospital Municipal Cáceres,1,1,1,1
2026-05-12,5102504,Cáceres,UPA Cáceres,1,1,1,1
2026-05-12,5102504,Cáceres,Hospital Municipal Cáceres,1,1,1,1
2026-05-13,5102504,Cáceres,UPA Cáceres,1,1,1,1
2026-05-13,5102504,Cáceres,Hospital Municipal Cáceres,1,1,1,1
2026-05-14,5102504,Cáceres,UPA Cáceres,1,1,1,1
2026-05-14,5102504,Cáceres,Hospital Municipal Cáceres,1,1,1,1
2026-05-15,5102504,Cáceres,UPA Cáceres,1,1,1,1
2026-05-15,5102504,Cáceres,Hospital Municipal Cáceres,1,1,1,1
2026-05-16,5102504,Cáceres,UPA Cáceres,1,1,1,0
2026-05-16,5102504,Cáceres,Hospital Municipal Cáceres,1,1,1,1
2026-05-17,5102504,Cáceres,UPA Cáceres,1,1,1,1
2026-05-17,5102504,Cáceres,Hospital Municipal Cáceres,1,1,1,0
2026-05-18,5102504,Cáceres,UPA Cáceres,1,1,1,1
2026-05-18,5102504,Cáceres,Hospital Municipal Cáceres,1,1,1,1
2026-05-19,5102504,Cáceres,UPA Cáceres,1,1,1,1
2026-05-19,5102504,Cáceres,Hospital Municipal Cáceres,1,1,1,1
2026-05-20,5102504,Cáceres,UPA Cáceres,1,1,1,1
2026-05-20,5102504,Cáceres,Hospital Municipal Cáceres,1,1,1,1
2026-05-21,5102504,Cáceres,UPA Cáceres,1,1,1,1
2026-05-21,5102504,Cáceres,Hospital Municipal Cáceres,1,1,1,1
2026-05-22,5102504,Cáceres,UPA Cáceres,1,1,1,1
2026-05-22,5102504,Cáceres,Hospital Municipal Cáceres,1,1,1,1
2026-05-23,5102504,Cáceres,UPA Cáceres,1,1,1,1
2026-05-23,5102504,Cáceres,Hospital Municipal Cáceres,1,1,1,1
2026-05-24,5102504,Cáceres,UPA Cáceres,1,1,1,1
2026-05-24,5102504,Cáceres,Hospital Municipal Cáceres,1,1,1,1
2026-05-25,5102504,Cáceres,UPA Cáceres,1,1,1,1
2026-05-25,5102504,Cáceres,Hospital Municipal Cáceres,1,1,1,1
2026-05-26,5102504,Cáceres,UPA Cáceres,1,1,1,1
2026-05-26,5102504,Cáceres,Hospital Municipal Cáceres,1,1,1,1
2026-05-27,5102504,Cáceres,UPA Cáceres,1,1,1,1
2026-05-27,5102504,Cáceres,Hospital Municipal Cáceres,1,1,1,1
2026-05-28,5102504,Cáceres,UPA Cáceres,1,1,1,1
2026-05-28,5102504,Cáceres,Hospital Municipal Cáceres,1,1,1,1
2026-05-29,5102504,Cáceres,UPA Cáceres,1,1,1,1
2026-05-29,5102504,Cáceres,Hospital Municipal Cáceres,1,1,1,1
2026-05-30,5102504,Cáceres,UPA Cáceres,1,1,1,1
2026-05-30,5102504,Cáceres,Hospital Municipal Cáceres,1,1,1,1
2026-05-31,5102504,Cáceres,UPA Cáceres,1,0,1,1
2026-05-31,5102504,Cáceres,Hospital Municipal Cáceres,1,1,1,1
2026-06-01,5102504,Cáceres,UPA Cáceres,1,1,1,1
2026-06-01,5102504,Cáceres,Hospital Municipal Cáceres,1,1,1,1
2026-06-02,5102504,Cáceres,UPA Cáceres,1,1,1,1
2026-06-02,5102504,Cáceres,Hospital Municipal Cáceres,1,1,1,1
2026-06-03,5102504,Cáceres,UPA Cáceres,1,1,1,1
2026-06-03,5102504,Cáceres,Hospital Municipal Cáceres,1,1,1,0
2026-06-04,5102504,Cáceres,UPA Cáceres,1,1,1,1
2026-06-04,5102504,Cáceres,Hospital Municipal Cáceres,1,1,1,1
2026-06-05,5102504,Cáceres,UPA Cáceres,1,1,1,1
2026-06-05,5102504,Cáceres,Hospital Municipal Cáceres,1,1,1,1
2026-06-06,5102504,Cáceres,UPA Cáceres,1,1,1,1
2026-06-06,5102504,Cáceres,Hospital Municipal Cáceres,1,1,1,1
2026-06-07,5102504,Cáceres,UPA Cáceres,1,1,1,1
2026-06-07,5102504,Cáceres,Hospital Municipal Cáceres,1,1,1,1
2026-06-08,5102504,Cáceres,UPA Cáceres,1,1,1,1
2026-06-08,5102504,Cáceres,Hospital Municipal Cáceres,1,1,1,1
2026-06-09,5102504,Cáceres,UPA Cáceres,1,1,1,1
2026-06-09,5102504,Cáceres,Hospital Municipal Cáceres,1,1,1,1
2026-06-10,5102504,Cáceres,UPA Cáceres,1,1,1,1
2026-06-10,5102504,Cáceres,Hospital Municipal Cáceres,1,1,1,0
2026-06-11,5102504,Cáceres,UPA Cáceres,1,1,1,1
2026-06-11,5102504,Cáceres,Hospital Municipal Cáceres,1,1,1,1
2026-06-12,5102504,Cáceres,UPA Cáceres,1,1,1,1
2026-06-12,5102504,Cáceres,Hospital Municipal Cáceres,1,1,1,1
2026-06-13,5102504,Cáceres,UPA Cáceres,1,1,1,1
2026-06-13,5102504,Cáceres,Hospital Municipal Cáceres,0,1,1,1
2026-06-14,5102504,Cáceres,UPA Cáceres,1,1,1,1
2026-06-14,5102504,Cáceres,Hospital Municipal Cáceres,1,1,1,1
2026-06-15,5102504,Cáceres,UPA Cáceres,1,1,1,1
2026-06-15,5102504,Cáceres,Hospital Municipal Cáceres,1,1,1,1
2026-06-16,5102504,Cáceres,UPA Cáceres,1,0,1,1
2026-06-16,5102504,Cáceres,Hospital Municipal Cáceres,1,1,1,1
2026-06-17,5102504,Cáceres,UPA Cáceres,1,0,1,1
2026-06-17,5102504,Cáceres,Hospital Municipal Cáceres,0,1,1,1
2026-06-18,5102504,Cáceres,UPA Cáceres,1,1,0,1
2026-06-18,5102504,Cáceres,Hospital Municipal Cáceres,1,1,1,0
2026-04-28,5107958,Tangará da Serra,UPA Tangará da Serra,1,1,1,1
2026-04-28,5107958,Tangará da Serra,Hospital Municipal Tangará da Serra,1,1,1,1
2026-04-29,5107958,Tangará da Serra,UPA Tangará da Serra,1,1,1,1
2026-04-29,5107958,Tangará da Serra,Hospital Municipal Tangará da Serra,1,1,1,1
2026-04-30,5107958,Tangará da Serra,UPA Tangará da Serra,1,1,1,1
2026-04-30,5107958,Tangará da Serra,Hospital Municipal Tangará da Serra,1,1,1,1
2026-05-01,5107958,Tangará da Serra,UPA Tangará da Serra,1,1,1,1
2026-05-01,5107958,Tangará da Serra,Hospital Municipal Tangará da Serra,1,1,1,1
2026-05-02,5107958,Tangará da Serra,UPA Tangará da Serra,1,1,1,1
2026-05-02,5107958,Tangará da Serra,Hospital Municipal Tangará da Serra,1,1,1,1
2026-05-03,5107958,Tangará da Serra,UPA Tangará da Serra,1,1,1,1
2026-05-03,5107958,Tangará da Serra,Hospital Municipal Tangará da Serra,1,1,1,1
2026-05-04,5107958,Tangará da Serra,UPA Tangará da Serra,1,1,1,1
2026-05-04,5107958,Tangará da Serra,Hospital Municipal Tangará da Serra,1,1,1,1
2026-05-05,5107958,Tangará da Serra,UPA Tangará da Serra,1,1,1,0
2026-05-05,5107958,Tangará da Serra,Hospital Municipal Tangará da Serra,1,1,1,1
2026-05-06,5107958,Tangará da Serra,UPA Tangará da Serra,1,1,1,1
2026-05-06,5107958,Tangará da Serra,Hospital Municipal Tangará da Serra,1,1,1,1
2026-05-07,5107958,Tangará da Serra,UPA Tangará da Serra,1,1,1,0
2026-05-07,5107958,Tangará da Serra,Hospital Municipal Tangará da Serra,1,1,1,1
2026-05-08,5107958,Tangará da Serra,UPA Tangará da Serra,1,1,1,1
2026-05-08,5107958,Tangará da Serra,Hospital Municipal Tangará da Serra,1,1,1,1
2026-05-09,5107958,Tangará da Serra,UPA Tangará da Serra,1,1,1,1
2026-05-09,5107958,Tangará da Serra,Hospital Municipal Tangará da Serra,1,1,1,1
2026-05-10,5107958,Tangará da Serra,UPA Tangará da Serra,1,1,1,1
2026-05-10,5107958,Tangará da Serra,Hospital Municipal Tangará da Serra,1,1,1,1
2026-05-11,5107958,Tangará da Serra,UPA Tangará da Serra,1,1,1,1
2026-05-11,5107958,Tangará da Serra,Hospital Municipal Tangará da Serra,1,1,1,1
2026-05-12,5107958,Tangará da Serra,UPA Tangará da Serra,1,1,1,1
2026-05-12,5107958,Tangará da Serra,Hospital Municipal Tangará da Serra,1,1,1,1
2026-05-13,5107958,Tangará da Serra,UPA Tangará da Serra,1,1,1,1
2026-05-13,5107958,Tangará da Serra,Hospital Municipal Tangará da Serra,1,1,1,1
2026-05-14,5107958,Tangará da Serra,UPA Tangará da Serra,1,1,1,1
2026-05-14,5107958,Tangará da Serra,Hospital Municipal Tangará da Serra,1,1,1,1
2026-05-15,5107958,Tangará da Serra,UPA Tangará da Serra,1,1,1,1
2026-05-15,5107958,Tangará da Serra,Hospital Municipal Tangará da Serra,1,1,1,1
2026-05-16,5107958,Tangará da Serra,UPA Tangará da Serra,1,1,1,0
2026-05-16,5107958,Tangará da Serra,Hospital Municipal Tangará da Serra,1,1,1,1
2026-05-17,5107958,Tangará da Serra,UPA Tangará da Serra,1,1,1,1
2026-05-17,5107958,Tangará da Serra,Hospital Municipal Tangará da Serra,1,1,1,1
2026-05-18,5107958,Tangará da Serra,UPA Tangará da Serra,1,1,1,1
2026-05-18,5107958,Tangará da Serra,Hospital Municipal Tangará da Serra,1,1,1,1
2026-05-19,5107958,Tangará da Serra,UPA Tangará da Serra,1,1,1,1
2026-05-19,5107958,Tangará da Serra,Hospital Municipal Tangará da Serra,1,1,1,1
2026-05-20,5107958,Tangará da Serra,UPA Tangará da Serra,1,1,1,1
2026-05-20,5107958,Tangará da Serra,Hospital Municipal Tangará da Serra,1,1,1,1
2026-05-21,5107958,Tangará da Serra,UPA Tangará da Serra,1,1,1,1
2026-05-21,5107958,Tangará da Serra,Hospital Municipal Tangará da Serra,1,1,1,1
2026-05-22,5107958,Tangará da Serra,UPA Tangará da Serra,1,1,1,1
2026-05-22,5107958,Tangará da Serra,Hospital Municipal Tangará da Serra,1,1,1,1
2026-05-23,5107958,Tangará da Serra,UPA Tangará da Serra,1,1,1,1
2026-05-23,5107958,Tangará da Serra,Hospital Municipal Tangará da Serra,1,1,1,1
2026-05-24,5107958,Tangará da Serra,UPA Tangará da Serra,1,1,1,1
2026-05-24,5107958,Tangará da Serra,Hospital Municipal Tangará da Serra,1,1,1,1
2026-05-25,5107958,Tangará da Serra,UPA Tangará da Serra,1,1,1,1
2026-05-25,5107958,Tangará da Serra,Hospital Municipal Tangará da Serra,1,1,1,1
2026-05-26,5107958,Tangará da Serra,UPA Tangará da Serra,1,1,1,1
2026-05-26,5107958,Tangará da Serra,Hospital Municipal Tangará da Serra,1,1,1,1
2026-05-27,5107958,Tangará da Serra,UPA Tangará da Serra,1,1,0,1
2026-05-27,5107958,Tangará da Serra,Hospital Municipal Tangará da Serra,1,1,1,1
2026-05-28,5107958,Tangará da Serra,UPA Tangará da Serra,1,1,1,1
2026-05-28,5107958,Tangará da Serra,Hospital Municipal Tangará da Serra,1,1,1,0
2026-05-29,5107958,Tangará da Serra,UPA Tangará da Serra,1,1,1,1
2026-05-29,5107958,Tangará da Serra,Hospital Municipal Tangará da Serra,1,1,1,1
2026-05-30,5107958,Tangará da Serra,UPA Tangará da Serra,1,1,1,0
2026-05-30,5107958,Tangará da Serra,Hospital Municipal Tangará da Serra,1,1,1,1
2026-05-31,5107958,Tangará da Serra,UPA Tangará da Serra,1,1,0,1
2026-05-31,5107958,Tangará da Serra,Hospital Municipal Tangará da Serra,1,1,1,1
2026-06-01,5107958,Tangará da Serra,UPA Tangará da Serra,1,1,1,1
2026-06-01,5107958,Tangará da Serra,Hospital Municipal Tangará da Serra,1,1,1,1
2026-06-02,5107958,Tangará da Serra,UPA Tangará da Serra,1,1,1,1
2026-06-02,5107958,Tangará da Serra,Hospital Municipal Tangará da Serra,1,0,1,1
2026-06-03,5107958,Tangará da Serra,UPA Tangará da Serra,1,1,1,1
2026-06-03,5107958,Tangará da Serra,Hospital Municipal Tangará da Serra,1,1,1,1
2026-06-04,5107958,Tangará da Serra,UPA Tangará da Serra,1,1,1,0
2026-06-04,5107958,Tangará da Serra,Hospital Municipal Tangará da Serra,1,1,1,1
2026-06-05,5107958,Tangará da Serra,UPA Tangará da Serra,1,1,1,1
2026-06-05,5107958,Tangará da Serra,Hospital Municipal Tangará da Serra,1,1,1,1
2026-06-06,5107958,Tangará da Serra,UPA Tangará da Serra,1,1,1,1
2026-06-06,5107958,Tangará da Serra,Hospital Municipal Tangará da Serra,1,1,1,1
2026-06-07,5107958,Tangará da Serra,UPA Tangará da Serra,1,1,1,1
2026-06-07,5107958,Tangará da Serra,Hospital Municipal Tangará da Serra,1,1,1,1
2026-06-08,5107958,Tangará da Serra,UPA Tangará da Serra,1,1,1,1
2026-06-08,5107958,Tangará da Serra,Hospital Municipal Tangará da Serra,1,1,1,1
2026-06-09,5107958,Tangará da Serra,UPA Tangará da Serra,1,1,1,1
2026-06-09,5107958,Tangará da Serra,Hospital Municipal Tangará da Serra,1,1,1,1
2026-06-10,5107958,Tangará da Serra,UPA Tangará da Serra,1,1,1,1
2026-06-10,5107958,Tangará da Serra,Hospital Municipal Tangará da Serra,1,1,1,1
2026-06-11,5107958,Tangará da Serra,UPA Tangará da Serra,1,1,1,1
2026-06-11,5107958,Tangará da Serra,Hospital Municipal Tangará da Serra,1,1,1,1
2026-06-12,5107958,Tangará da Serra,UPA Tangará da Serra,1,1,1,1
2026-06-12,5107958,Tangará da Serra,Hospital Municipal Tangará da Serra,1,1,1,1
2026-06-13,5107958,Tangará da Serra,UPA Tangará da Serra,1,1,1,1
2026-06-13,5107958,Tangará da Serra,Hospital Municipal Tangará da Serra,1,1,1,1
2026-06-14,5107958,Tangará da Serra,UPA Tangará da Serra,1,1,1,0
2026-06-14,5107958,Tangará da Serra,Hospital Municipal Tangará da Serra,1,0,1,1
2026-06-15,5107958,Tangará da Serra,UPA Tangará da Serra,1,1,1,1
2026-06-15,5107958,Tangará da Serra,Hospital Municipal Tangará da Serra,0,1,1,1
2026-06-16,5107958,Tangará da Serra,UPA Tangará da Serra,1,1,1,1
2026-06-16,5107958,Tangará da Serra,Hospital Municipal Tangará da Serra,0,1,1,1
2026-06-17,5107958,Tangará da Serra,UPA Tangará da Serra,1,0,0,1
2026-06-17,5107958,Tangará da Serra,Hospital Municipal Tangará da Serra,1,1,1,1
2026-06-18,5107958,Tangará da Serra,UPA Tangará da Serra,1,1,1,1
2026-06-18,5107958,Tangará da Serra,Hospital Municipal Tangará da Serra,0,1,0,1
2026-04-28,5101803,Barra do Garças,UPA Barra do Garças,1,1,1,1
2026-04-28,5101803,Barra do Garças,Hospital Municipal Barra do Garças,1,1,1,1
2026-04-29,5101803,Barra do Garças,UPA Barra do Garças,1,1,1,1
2026-04-29,5101803,Barra do Garças,Hospital Municipal Barra do Garças,1,1,1,1
2026-04-30,5101803,Barra do Garças,UPA Barra do Garças,1,1,1,1
2026-04-30,5101803,Barra do Garças,Hospital Municipal Barra do Garças,1,1,1,1
2026-05-01,5101803,Barra do Garças,UPA Barra do Garças,1,1,1,1
2026-05-01,5101803,Barra do Garças,Hospital Municipal Barra do Garças,1,1,1,1
2026-05-02,5101803,Barra do Garças,UPA Barra do Garças,1,1,1,1
2026-05-02,5101803,Barra do Garças,Hospital Municipal Barra do Garças,1,1,1,1
2026-05-03,5101803,Barra do Garças,UPA Barra do Garças,1,1,1,1
2026-05-03,5101803,Barra do Garças,Hospital Municipal Barra do Garças,1,1,1,1
2026-05-04,5101803,Barra do Garças,UPA Barra do Garças,1,1,1,1
2026-05-04,5101803,Barra do Garças,Hospital Municipal Barra do Garças,1,1,1,1
2026-05-05,5101803,Barra do Garças,UPA Barra do Garças,1,1,1,1
2026-05-05,5101803,Barra do Garças,Hospital Municipal Barra do Garças,1,1,1,1
2026-05-06,5101803,Barra do Garças,UPA Barra do Garças,1,1,1,1
2026-05-06,5101803,Barra do Garças,Hospital Municipal Barra do Garças,1,1,1,1
2026-05-07,5101803,Barra do Garças,UPA Barra do Garças,1,1,1,1
2026-05-07,5101803,Barra do Garças,Hospital Municipal Barra do Garças,1,1,1,1
2026-05-08,5101803,Barra do Garças,UPA Barra do Garças,1,1,1,1
2026-05-08,5101803,Barra do Garças,Hospital Municipal Barra do Garças,1,0,1,1
2026-05-09,5101803,Barra do Garças,UPA Barra do Garças,1,1,1,1
2026-05-09,5101803,Barra do Garças,Hospital Municipal Barra do Garças,1,1,1,1
2026-05-10,5101803,Barra do Garças,UPA Barra do Garças,1,1,1,1
2026-05-10,5101803,Barra do Garças,Hospital Municipal Barra do Garças,1,1,1,1
2026-05-11,5101803,Barra do Garças,UPA Barra do Garças,1,1,1,1
2026-05-11,5101803,Barra do Garças,Hospital Municipal Barra do Garças,1,1,1,1
2026-05-12,5101803,Barra do Garças,UPA Barra do Garças,1,1,1,1
2026-05-12,5101803,Barra do Garças,Hospital Municipal Barra do Garças,1,1,1,1
2026-05-13,5101803,Barra do Garças,UPA Barra do Garças,1,1,1,1
2026-05-13,5101803,Barra do Garças,Hospital Municipal Barra do Garças,1,1,1,1
2026-05-14,5101803,Barra do Garças,UPA Barra do Garças,1,1,1,1
2026-05-14,5101803,Barra do Garças,Hospital Municipal Barra do Garças,1,1,1,1
2026-05-15,5101803,Barra do Garças,UPA Barra do Garças,1,1,1,1
2026-05-15,5101803,Barra do Garças,Hospital Municipal Barra do Garças,1,1,1,1
2026-05-16,5101803,Barra do Garças,UPA Barra do Garças,1,1,1,1
2026-05-16,5101803,Barra do Garças,Hospital Municipal Barra do Garças,1,1,1,1
2026-05-17,5101803,Barra do Garças,UPA Barra do Garças,1,1,1,1
2026-05-17,5101803,Barra do Garças,Hospital Municipal Barra do Garças,1,1,1,1
2026-05-18,5101803,Barra do Garças,UPA Barra do Garças,1,1,1,1
2026-05-18,5101803,Barra do Garças,Hospital Municipal Barra do Garças,1,1,1,1
2026-05-19,5101803,Barra do Garças,UPA Barra do Garças,1,1,1,1
2026-05-19,5101803,Barra do Garças,Hospital Municipal Barra do Garças,1,1,1,1
2026-05-20,5101803,Barra do Garças,UPA Barra do Garças,1,1,1,1
2026-05-20,5101803,Barra do Garças,Hospital Municipal Barra do Garças,0,1,1,1
2026-05-21,5101803,Barra do Garças,UPA Barra do Garças,1,1,1,1
2026-05-21,5101803,Barra do Garças,Hospital Municipal Barra do Garças,1,1,1,1
2026-05-22,5101803,Barra do Garças,UPA Barra do Garças,1,1,1,1
2026-05-22,5101803,Barra do Garças,Hospital Municipal Barra do Garças,1,1,1,1
2026-05-23,5101803,Barra do Garças,UPA Barra do Garças,1,1,1,1
2026-05-23,5101803,Barra do Garças,Hospital Municipal Barra do Garças,1,1,1,1
2026-05-24,5101803,Barra do Garças,UPA Barra do Garças,1,1,1,1
2026-05-24,5101803,Barra do Garças,Hospital Municipal Barra do Garças,1,1,1,1
2026-05-25,5101803,Barra do Garças,UPA Barra do Garças,1,1,1,1
2026-05-25,5101803,Barra do Garças,Hospital Municipal Barra do Garças,1,1,1,1
2026-05-26,5101803,Barra do Garças,UPA Barra do Garças,1,1,1,0
2026-05-26,5101803,Barra do Garças,Hospital Municipal Barra do Garças,1,1,1,1
2026-05-27,5101803,Barra do Garças,UPA Barra do Garças,1,1,1,1
2026-05-27,5101803,Barra do Garças,Hospital Municipal Barra do Garças,1,1,1,1
2026-05-28,5101803,Barra do Garças,UPA Barra do Garças,1,1,1,1
2026-05-28,5101803,Barra do Garças,Hospital Municipal Barra do Garças,1,1,1,1
2026-05-29,5101803,Barra do Garças,UPA Barra do Garças,1,1,1,1
2026-05-29,5101803,Barra do Garças,Hospital Municipal Barra do Garças,1,1,1,1
2026-05-30,5101803,Barra do Garças,UPA Barra do Garças,1,1,1,1
2026-05-30,5101803,Barra do Garças,Hospital Municipal Barra do Garças,1,1,1,1
2026-05-31,5101803,Barra do Garças,UPA Barra do Garças,1,1,1,1
2026-05-31,5101803,Barra do Garças,Hospital Municipal Barra do Garças,1,1,1,1
2026-06-01,5101803,Barra do Garças,UPA Barra do Garças,1,1,1,1
2026-06-01,5101803,Barra do Garças,Hospital Municipal Barra do Garças,1,1,1,1
2026-06-02,5101803,Barra do Garças,UPA Barra do Garças,1,1,1,1
2026-06-02,5101803,Barra do Garças,Hospital Municipal Barra do Garças,1,1,1,1
2026-06-03,5101803,Barra do Garças,UPA Barra do Garças,1,1,1,1
2026-06-03,5101803,Barra do Garças,Hospital Municipal Barra do Garças,1,1,1,1
2026-06-04,5101803,Barra do Garças,UPA Barra do Garças,1,1,1,1
2026-06-04,5101803,Barra do Garças,Hospital Municipal Barra do Garças,1,1,1,1
2026-06-05,5101803,Barra do Garças,UPA Barra do Garças,1,1,1,1
2026-06-05,5101803,Barra do Garças,Hospital Municipal Barra do Garças,1,1,1,0
2026-06-06,5101803,Barra do Garças,UPA Barra do Garças,1,1,1,1
2026-06-06,5101803,Barra do Garças,Hospital Municipal Barra do Garças,1,1,1,1
2026-06-07,5101803,Barra do Garças,UPA Barra do Garças,1,1,1,1
2026-06-07,5101803,Barra do Garças,Hospital Municipal Barra do Garças,1,1,1,1
2026-06-08,5101803,Barra do Garças,UPA Barra do Garças,1,1,1,1
2026-06-08,5101803,Barra do Garças,Hospital Municipal Barra do Garças,1,1,1,1
2026-06-09,5101803,Barra do Garças,UPA Barra do Garças,1,0,1,1
2026-06-09,5101803,Barra do Garças,Hospital Municipal Barra do Garças,1,1,1,1
2026-06-10,5101803,Barra do Garças,UPA Barra do Garças,1,1,1,1
2026-06-10,5101803,Barra do Garças,Hospital Municipal Barra do Garças,1,1,1,1
2026-06-11,5101803,Barra do Garças,UPA Barra do Garças,1,1,1,1
2026-06-11,5101803,Barra do Garças,Hospital Municipal Barra do Garças,1,1,1,1
2026-06-12,5101803,Barra do Garças,UPA Barra do Garças,1,1,1,1
2026-06-12,5101803,Barra do Garças,Hospital Municipal Barra do Garças,1,1,1,1
2026-06-13,5101803,Barra do Garças,UPA Barra do Garças,1,1,1,1
2026-06-13,5101803,Barra do Garças,Hospital Municipal Barra do Garças,1,1,1,1
2026-06-14,5101803,Barra do Garças,UPA Barra do Garças,0,1,1,1
2026-06-14,5101803,Barra do Garças,Hospital Municipal Barra do Garças,1,1,1,1
2026-06-15,5101803,Barra do Garças,UPA Barra do Garças,0,1,1,1
2026-06-15,5101803,Barra do Garças,Hospital Municipal Barra do Garças,1,1,1,1
2026-06-16,5101803,Barra do Garças,UPA Barra do Garças,1,1,1,1
2026-06-16,5101803,Barra do Garças,Hospital Municipal Barra do Garças,0,1,1,1
2026-06-17,5101803,Barra do Garças,UPA Barra do Garças,1,1,1,1
2026-06-17,5101803,Barra do Garças,Hospital Municipal Barra do Garças,0,1,1,1
2026-06-18,5101803,Barra do Garças,UPA Barra do Garças,1,1,1,1
2026-06-18,5101803,Barra do Garças,Hospital Municipal Barra do Garças,1,1,1,1
2026-04-28,5107040,Primavera do Leste,UPA Primavera do Leste,1,1,1,1
2026-04-28,5107040,Primavera do Leste,Hospital Municipal Primavera do Leste,1,1,1,1
2026-04-29,5107040,Primavera do Leste,UPA Primavera do Leste,1,1,1,1
2026-04-29,5107040,Primavera do Leste,Hospital Municipal Primavera do Leste,1,1,1,1
2026-04-30,5107040,Primavera do Leste,UPA Primavera do Leste,1,1,1,1
2026-04-30,5107040,Primavera do Leste,Hospital Municipal Primavera do Leste,1,1,1,1
2026-05-01,5107040,Primavera do Leste,UPA Primavera do Leste,1,1,1,1
2026-05-01,5107040,Primavera do Leste,Hospital Municipal Primavera do Leste,1,1,1,1
2026-05-02,5107040,Primavera do Leste,UPA Primavera do Leste,1,1,1,1
2026-05-02,5107040,Primavera do Leste,Hospital Municipal Primavera do Leste,1,1,1,0
2026-05-03,5107040,Primavera do Leste,UPA Primavera do Leste,1,1,1,1
2026-05-03,5107040,Primavera do Leste,Hospital Municipal Primavera do Leste,1,1,0,1
2026-05-04,5107040,Primavera do Leste,UPA Primavera do Leste,1,1,1,1
2026-05-04,5107040,Primavera do Leste,Hospital Municipal Primavera do Leste,1,1,1,1
2026-05-05,5107040,Primavera do Leste,UPA Primavera do Leste,1,1,1,1
2026-05-05,5107040,Primavera do Leste,Hospital Municipal Primavera do Leste,1,1,1,0
2026-05-06,5107040,Primavera do Leste,UPA Primavera do Leste,1,1,1,1
2026-05-06,5107040,Primavera do Leste,Hospital Municipal Primavera do Leste,1,1,1,0
2026-05-07,5107040,Primavera do Leste,UPA Primavera do Leste,1,1,1,1
2026-05-07,5107040,Primavera do Leste,Hospital Municipal Primavera do Leste,1,1,1,1
2026-05-08,5107040,Primavera do Leste,UPA Primavera do Leste,1,1,1,1
2026-05-08,5107040,Primavera do Leste,Hospital Municipal Primavera do Leste,1,1,1,1
2026-05-09,5107040,Primavera do Leste,UPA Primavera do Leste,1,1,1,1
2026-05-09,5107040,Primavera do Leste,Hospital Municipal Primavera do Leste,1,1,1,1
2026-05-10,5107040,Primavera do Leste,UPA Primavera do Leste,1,1,0,1
2026-05-10,5107040,Primavera do Leste,Hospital Municipal Primavera do Leste,1,1,1,1
2026-05-11,5107040,Primavera do Leste,UPA Primavera do Leste,1,1,1,1
2026-05-11,5107040,Primavera do Leste,Hospital Municipal Primavera do Leste,1,1,1,1
2026-05-12,5107040,Primavera do Leste,UPA Primavera do Leste,1,1,1,1
2026-05-12,5107040,Primavera do Leste,Hospital Municipal Primavera do Leste,1,1,1,1
2026-05-13,5107040,Primavera do Leste,UPA Primavera do Leste,1,1,1,1
2026-05-13,5107040,Primavera do Leste,Hospital Municipal Primavera do Leste,1,1,1,1
2026-05-14,5107040,Primavera do Leste,UPA Primavera do Leste,1,1,1,1
2026-05-14,5107040,Primavera do Leste,Hospital Municipal Primavera do Leste,1,1,1,1
2026-05-15,5107040,Primavera do Leste,UPA Primavera do Leste,1,1,1,1
2026-05-15,5107040,Primavera do Leste,Hospital Municipal Primavera do Leste,1,1,1,1
2026-05-16,5107040,Primavera do Leste,UPA Primavera do Leste,1,1,1,1
2026-05-16,5107040,Primavera do Leste,Hospital Municipal Primavera do Leste,1,1,1,1
2026-05-17,5107040,Primavera do Leste,UPA Primavera do Leste,1,1,1,1
2026-05-17,5107040,Primavera do Leste,Hospital Municipal Primavera do Leste,1,1,1,1
2026-05-18,5107040,Primavera do Leste,UPA Primavera do Leste,1,1,1,1
2026-05-18,5107040,Primavera do Leste,Hospital Municipal Primavera do Leste,1,1,1,1
2026-05-19,5107040,Primavera do Leste,UPA Primavera do Leste,1,1,1,0
2026-05-19,5107040,Primavera do Leste,Hospital Municipal Primavera do Leste,1,1,1,1
2026-05-20,5107040,Primavera do Leste,UPA Primavera do Leste,1,1,1,1
2026-05-20,5107040,Primavera do Leste,Hospital Municipal Primavera do Leste,1,1,1,1
2026-05-21,5107040,Primavera do Leste,UPA Primavera do Leste,1,1,1,1
2026-05-21,5107040,Primavera do Leste,Hospital Municipal Primavera do Leste,1,1,1,1
2026-05-22,5107040,Primavera do Leste,UPA Primavera do Leste,1,1,1,1
2026-05-22,5107040,Primavera do Leste,Hospital Municipal Primavera do Leste,1,1,1,1
2026-05-23,5107040,Primavera do Leste,UPA Primavera do Leste,1,1,1,1
2026-05-23,5107040,Primavera do Leste,Hospital Municipal Primavera do Leste,1,1,1,1
2026-05-24,5107040,Primavera do Leste,UPA Primavera do Leste,1,1,1,1
2026-05-24,5107040,Primavera do Leste,Hospital Municipal Primavera do Leste,1,1,1,1
2026-05-25,5107040,Primavera do Leste,UPA Primavera do Leste,1,1,1,1
2026-05-25,5107040,Primavera do Leste,Hospital Municipal Primavera do Leste,1,1,1,1
2026-05-26,5107040,Primavera do Leste,UPA Primavera do Leste,1,1,1,1
2026-05-26,5107040,Primavera do Leste,Hospital Municipal Primavera do Leste,1,1,1,1
2026-05-27,5107040,Primavera do Leste,UPA Primavera do Leste,1,1,1,0
2026-05-27,5107040,Primavera do Leste,Hospital Municipal Primavera do Leste,1,1,1,1
2026-05-28,5107040,Primavera do Leste,UPA Primavera do Leste,1,1,1,1
2026-05-28,5107040,Primavera do Leste,Hospital Municipal Primavera do Leste,1,1,1,1
2026-05-29,5107040,Primavera do Leste,UPA Primavera do Leste,1,1,1,1
2026-05-29,5107040,Primavera do Leste,Hospital Municipal Primavera do Leste,1,1,1,1
2026-05-30,5107040,Primavera do Leste,UPA Primavera do Leste,1,1,1,1
2026-05-30,5107040,Primavera do Leste,Hospital Municipal Primavera do Leste,1,1,1,1
2026-05-31,5107040,Primavera do Leste,UPA Primavera do Leste,1,1,1,1
2026-05-31,5107040,Primavera do Leste,Hospital Municipal Primavera do Leste,1,1,1,1
2026-06-01,5107040,Primavera do Leste,UPA Primavera do Leste,1,1,1,1
2026-06-01,5107040,Primavera do Leste,Hospital Municipal Primavera do Leste,1,1,1,1
2026-06-02,5107040,Primavera do Leste,UPA Primavera do Leste,1,1,1,1
2026-06-02,5107040,Primavera do Leste,Hospital Municipal Primavera do Leste,1,1,1,1
2026-06-03,5107040,Primavera do Leste,UPA Primavera do Leste,1,1,1,1
2026-06-03,5107040,Primavera do Leste,Hospital Municipal Primavera do Leste,1,1,1,1
2026-06-04,5107040,Primavera do Leste,UPA Primavera do Leste,1,1,1,1
2026-06-04,5107040,Primavera do Leste,Hospital Municipal Primavera do Leste,1,1,1,1
2026-06-05,5107040,Primavera do Leste,UPA Primavera do Leste,1,1,1,1
2026-06-05,5107040,Primavera do Leste,Hospital Municipal Primavera do Leste,1,1,1,1
2026-06-06,5107040,Primavera do Leste,UPA Primavera do Leste,1,1,1,1
2026-06-06,5107040,Primavera do Leste,Hospital Municipal Primavera do Leste,1,1,1,1
2026-06-07,5107040,Primavera do Leste,UPA Primavera do Leste,1,1,1,1
2026-06-07,5107040,Primavera do Leste,Hospital Municipal Primavera do Leste,1,1,1,1
2026-06-08,5107040,Primavera do Leste,UPA Primavera do Leste,1,1,1,1
2026-06-08,5107040,Primavera do Leste,Hospital Municipal Primavera do Leste,1,1,1,1
2026-06-09,5107040,Primavera do Leste,UPA Primavera do Leste,1,1,1,1
2026-06-09,5107040,Primavera do Leste,Hospital Municipal Primavera do Leste,1,1,1,1
2026-06-10,5107040,Primavera do Leste,UPA Primavera do Leste,1,1,1,0
2026-06-10,5107040,Primavera do Leste,Hospital Municipal Primavera do Leste,1,1,1,1
2026-06-11,5107040,Primavera do Leste,UPA Primavera do Leste,1,1,1,1
2026-06-11,5107040,Primavera do Leste,Hospital Municipal Primavera do Leste,1,1,1,1
2026-06-12,5107040,Primavera do Leste,UPA Primavera do Leste,1,1,1,1
2026-06-12,5107040,Primavera do Leste,Hospital Municipal Primavera do Leste,1,1,1,1
2026-06-13,5107040,Primavera do Leste,UPA Primavera do Leste,1,1,1,1
2026-06-13,5107040,Primavera do Leste,Hospital Municipal Primavera do Leste,1,1,1,1
2026-06-14,5107040,Primavera do Leste,UPA Primavera do Leste,1,1,1,0
2026-06-14,5107040,Primavera do Leste,Hospital Municipal Primavera do Leste,1,1,1,1
2026-06-15,5107040,Primavera do Leste,UPA Primavera do Leste,1,1,0,1
2026-06-15,5107040,Primavera do Leste,Hospital Municipal Primavera do Leste,1,1,1,1
2026-06-16,5107040,Primavera do Leste,UPA Primavera do Leste,1,1,1,1
2026-06-16,5107040,Primavera do Leste,Hospital Municipal Primavera do Leste,1,1,1,1
2026-06-17,5107040,Primavera do Leste,UPA Primavera do Leste,1,1,1,1
2026-06-17,5107040,Primavera do Leste,Hospital Municipal Primavera do Leste,1,1,1,1
2026-06-18,5107040,Primavera do Leste,UPA Primavera do Leste,1,1,1,1
2026-06-18,5107040,Primavera do Leste,Hospital Municipal Primavera do Leste,1,1,1,1
2026-04-28,5100250,Alta Floresta,UPA Alta Floresta,1,1,1,1
2026-04-28,5100250,Alta Floresta,Hospital Municipal Alta Floresta,1,1,1,1
2026-04-29,5100250,Alta Floresta,UPA Alta Floresta,1,1,1,1
2026-04-29,5100250,Alta Floresta,Hospital Municipal Alta Floresta,1,1,1,1
2026-04-30,5100250,Alta Floresta,UPA Alta Floresta,1,1,1,1
2026-04-30,5100250,Alta Floresta,Hospital Municipal Alta Floresta,1,1,1,1
2026-05-01,5100250,Alta Floresta,UPA Alta Floresta,1,1,1,1
2026-05-01,5100250,Alta Floresta,Hospital Municipal Alta Floresta,1,1,1,1
2026-05-02,5100250,Alta Floresta,UPA Alta Floresta,1,1,1,1
2026-05-02,5100250,Alta Floresta,Hospital Municipal Alta Floresta,1,1,1,1
2026-05-03,5100250,Alta Floresta,UPA Alta Floresta,1,1,1,1
2026-05-03,5100250,Alta Floresta,Hospital Municipal Alta Floresta,1,1,1,1
2026-05-04,5100250,Alta Floresta,UPA Alta Floresta,1,1,1,1
2026-05-04,5100250,Alta Floresta,Hospital Municipal Alta Floresta,1,1,1,1
2026-05-05,5100250,Alta Floresta,UPA Alta Floresta,1,1,1,1
2026-05-05,5100250,Alta Floresta,Hospital Municipal Alta Floresta,1,1,1,1
2026-05-06,5100250,Alta Floresta,UPA Alta Floresta,1,1,1,1
2026-05-06,5100250,Alta Floresta,Hospital Municipal Alta Floresta,1,1,1,1
2026-05-07,5100250,Alta Floresta,UPA Alta Floresta,1,1,1,1
2026-05-07,5100250,Alta Floresta,Hospital Municipal Alta Floresta,1,1,1,1
2026-05-08,5100250,Alta Floresta,UPA Alta Floresta,0,1,1,1
2026-05-08,5100250,Alta Floresta,Hospital Municipal Alta Floresta,1,1,1,1
2026-05-09,5100250,Alta Floresta,UPA Alta Floresta,1,1,1,1
2026-05-09,5100250,Alta Floresta,Hospital Municipal Alta Floresta,1,1,1,1
2026-05-10,5100250,Alta Floresta,UPA Alta Floresta,1,1,1,1
2026-05-10,5100250,Alta Floresta,Hospital Municipal Alta Floresta,1,1,1,1
2026-05-11,5100250,Alta Floresta,UPA Alta Floresta,1,1,1,1
2026-05-11,5100250,Alta Floresta,Hospital Municipal Alta Floresta,1,1,1,1
2026-05-12,5100250,Alta Floresta,UPA Alta Floresta,1,1,1,1
2026-05-12,5100250,Alta Floresta,Hospital Municipal Alta Floresta,1,1,1,1
2026-05-13,5100250,Alta Floresta,UPA Alta Floresta,1,1,1,1
2026-05-13,5100250,Alta Floresta,Hospital Municipal Alta Floresta,1,1,1,1
2026-05-14,5100250,Alta Floresta,UPA Alta Floresta,1,1,0,1
2026-05-14,5100250,Alta Floresta,Hospital Municipal Alta Floresta,1,1,1,1
2026-05-15,5100250,Alta Floresta,UPA Alta Floresta,1,1,1,1
2026-05-15,5100250,Alta Floresta,Hospital Municipal Alta Floresta,1,1,1,1
2026-05-16,5100250,Alta Floresta,UPA Alta Floresta,1,1,1,1
2026-05-16,5100250,Alta Floresta,Hospital Municipal Alta Floresta,1,1,1,1
2026-05-17,5100250,Alta Floresta,UPA Alta Floresta,1,1,1,1
2026-05-17,5100250,Alta Floresta,Hospital Municipal Alta Floresta,1,1,1,1
2026-05-18,5100250,Alta Floresta,UPA Alta Floresta,1,1,1,1
2026-05-18,5100250,Alta Floresta,Hospital Municipal Alta Floresta,1,1,1,1
2026-05-19,5100250,Alta Floresta,UPA Alta Floresta,1,1,1,1
2026-05-19,5100250,Alta Floresta,Hospital Municipal Alta Floresta,1,1,0,1
2026-05-20,5100250,Alta Floresta,UPA Alta Floresta,1,1,1,1
2026-05-20,5100250,Alta Floresta,Hospital Municipal Alta Floresta,1,1,1,0
2026-05-21,5100250,Alta Floresta,UPA Alta Floresta,1,1,1,1
2026-05-21,5100250,Alta Floresta,Hospital Municipal Alta Floresta,1,1,1,1
2026-05-22,5100250,Alta Floresta,UPA Alta Floresta,1,1,1,1
2026-05-22,5100250,Alta Floresta,Hospital Municipal Alta Floresta,1,1,1,1
2026-05-23,5100250,Alta Floresta,UPA Alta Floresta,1,1,1,1
2026-05-23,5100250,Alta Floresta,Hospital Municipal Alta Floresta,1,1,1,1
2026-05-24,5100250,Alta Floresta,UPA Alta Floresta,1,1,1,1
2026-05-24,5100250,Alta Floresta,Hospital Municipal Alta Floresta,1,1,1,1
2026-05-25,5100250,Alta Floresta,UPA Alta Floresta,1,1,1,1
2026-05-25,5100250,Alta Floresta,Hospital Municipal Alta Floresta,1,1,1,1
2026-05-26,5100250,Alta Floresta,UPA Alta Floresta,1,1,1,1
2026-05-26,5100250,Alta Floresta,Hospital Municipal Alta Floresta,1,1,1,0
2026-05-27,5100250,Alta Floresta,UPA Alta Floresta,1,1,1,1
2026-05-27,5100250,Alta Floresta,Hospital Municipal Alta Floresta,1,1,1,1
2026-05-28,5100250,Alta Floresta,UPA Alta Floresta,1,1,1,1
2026-05-28,5100250,Alta Floresta,Hospital Municipal Alta Floresta,1,1,1,1
2026-05-29,5100250,Alta Floresta,UPA Alta Floresta,1,1,1,1
2026-05-29,5100250,Alta Floresta,Hospital Municipal Alta Floresta,1,1,1,1
2026-05-30,5100250,Alta Floresta,UPA Alta Floresta,1,1,1,1
2026-05-30,5100250,Alta Floresta,Hospital Municipal Alta Floresta,1,1,1,1
2026-05-31,5100250,Alta Floresta,UPA Alta Floresta,1,1,1,1
2026-05-31,5100250,Alta Floresta,Hospital Municipal Alta Floresta,1,1,1,1
2026-06-01,5100250,Alta Floresta,UPA Alta Floresta,1,1,1,1
2026-06-01,5100250,Alta Floresta,Hospital Municipal Alta Floresta,1,1,1,1
2026-06-02,5100250,Alta Floresta,UPA Alta Floresta,1,1,1,1
2026-06-02,5100250,Alta Floresta,Hospital Municipal Alta Floresta,1,1,1,1
2026-06-03,5100250,Alta Floresta,UPA Alta Floresta,1,1,1,1
2026-06-03,5100250,Alta Floresta,Hospital Municipal Alta Floresta,1,1,1,1
2026-06-04,5100250,Alta Floresta,UPA Alta Floresta,1,1,1,1
2026-06-04,5100250,Alta Floresta,Hospital Municipal Alta Floresta,1,1,1,1
2026-06-05,5100250,Alta Floresta,UPA Alta Floresta,1,1,1,1
2026-06-05,5100250,Alta Floresta,Hospital Municipal Alta Floresta,1,1,1,1
2026-06-06,5100250,Alta Floresta,UPA Alta Floresta,1,1,1,1
2026-06-06,5100250,Alta Floresta,Hospital Municipal Alta Floresta,1,1,1,1
2026-06-07,5100250,Alta Floresta,UPA Alta Floresta,1,1,1,1
2026-06-07,5100250,Alta Floresta,Hospital Municipal Alta Floresta,1,1,1,1
2026-06-08,5100250,Alta Floresta,UPA Alta Floresta,1,1,1,1
2026-06-08,5100250,Alta Floresta,Hospital Municipal Alta Floresta,1,1,1,1
2026-06-09,5100250,Alta Floresta,UPA Alta Floresta,1,0,1,1
2026-06-09,5100250,Alta Floresta,Hospital Municipal Alta Floresta,1,1,1,1
2026-06-10,5100250,Alta Floresta,UPA Alta Floresta,1,1,1,1
2026-06-10,5100250,Alta Floresta,Hospital Municipal Alta Floresta,1,1,1,1
2026-06-11,5100250,Alta Floresta,UPA Alta Floresta,1,1,1,1
2026-06-11,5100250,Alta Floresta,Hospital Municipal Alta Floresta,1,1,1,1
2026-06-12,5100250,Alta Floresta,UPA Alta Floresta,1,1,1,1
2026-06-12,5100250,Alta Floresta,Hospital Municipal Alta Floresta,1,1,1,0
2026-06-13,5100250,Alta Floresta,UPA Alta Floresta,1,1,1,1
2026-06-13,5100250,Alta Floresta,Hospital Municipal Alta Floresta,1,1,1,1
2026-06-14,5100250,Alta Floresta,UPA Alta Floresta,1,1,1,1
2026-06-14,5100250,Alta Floresta,Hospital Municipal Alta Floresta,1,1,1,1
2026-06-15,5100250,Alta Floresta,UPA Alta Floresta,1,1,1,1
2026-06-15,5100250,Alta Floresta,Hospital Municipal Alta Floresta,1,1,1,1
2026-06-16,5100250,Alta Floresta,UPA Alta Floresta,1,1,1,1
2026-06-16,5100250,Alta Floresta,Hospital Municipal Alta Floresta,0,1,0,0
2026-06-17,5100250,Alta Floresta,UPA Alta Floresta,1,1,0,1
2026-06-17,5100250,Alta Floresta,Hospital Municipal Alta Floresta,1,1,1,1
2026-06-18,5100250,Alta Floresta,UPA Alta Floresta,0,1,0,1
2026-06-18,5100250,Alta Floresta,Hospital Municipal Alta Floresta,1,1,1,1
2026-04-28,5105259,Lucas do Rio Verde,UPA Lucas do Rio Verde,1,1,1,1
2026-04-28,5105259,Lucas do Rio Verde,Hospital Municipal Lucas do Rio Verde,1,1,1,1
2026-04-29,5105259,Lucas do Rio Verde,UPA Lucas do Rio Verde,1,1,1,1
2026-04-29,5105259,Lucas do Rio Verde,Hospital Municipal Lucas do Rio Verde,1,1,1,1
2026-04-30,5105259,Lucas do Rio Verde,UPA Lucas do Rio Verde,1,1,1,1
2026-04-30,5105259,Lucas do Rio Verde,Hospital Municipal Lucas do Rio Verde,1,1,1,1
2026-05-01,5105259,Lucas do Rio Verde,UPA Lucas do Rio Verde,1,1,1,1
2026-05-01,5105259,Lucas do Rio Verde,Hospital Municipal Lucas do Rio Verde,1,1,1,1
2026-05-02,5105259,Lucas do Rio Verde,UPA Lucas do Rio Verde,1,1,1,1
2026-05-02,5105259,Lucas do Rio Verde,Hospital Municipal Lucas do Rio Verde,1,1,1,1
2026-05-03,5105259,Lucas do Rio Verde,UPA Lucas do Rio Verde,1,1,1,1
2026-05-03,5105259,Lucas do Rio Verde,Hospital Municipal Lucas do Rio Verde,1,1,1,1
2026-05-04,5105259,Lucas do Rio Verde,UPA Lucas do Rio Verde,1,1,1,1
2026-05-04,5105259,Lucas do Rio Verde,Hospital Municipal Lucas do Rio Verde,1,1,1,0
2026-05-05,5105259,Lucas do Rio Verde,UPA Lucas do Rio Verde,1,1,1,1
2026-05-05,5105259,Lucas do Rio Verde,Hospital Municipal Lucas do Rio Verde,1,1,1,1
2026-05-06,5105259,Lucas do Rio Verde,UPA Lucas do Rio Verde,1,1,1,1
2026-05-06,5105259,Lucas do Rio Verde,Hospital Municipal Lucas do Rio Verde,1,1,1,1
2026-05-07,5105259,Lucas do Rio Verde,UPA Lucas do Rio Verde,1,1,1,1
2026-05-07,5105259,Lucas do Rio Verde,Hospital Municipal Lucas do Rio Verde,1,1,1,1
2026-05-08,5105259,Lucas do Rio Verde,UPA Lucas do Rio Verde,1,1,1,1
2026-05-08,5105259,Lucas do Rio Verde,Hospital Municipal Lucas do Rio Verde,1,1,1,1
2026-05-09,5105259,Lucas do Rio Verde,UPA Lucas do Rio Verde,1,1,1,1
2026-05-09,5105259,Lucas do Rio Verde,Hospital Municipal Lucas do Rio Verde,1,1,1,1
2026-05-10,5105259,Lucas do Rio Verde,UPA Lucas do Rio Verde,1,1,1,1
2026-05-10,5105259,Lucas do Rio Verde,Hospital Municipal Lucas do Rio Verde,1,1,1,1
2026-05-11,5105259,Lucas do Rio Verde,UPA Lucas do Rio Verde,1,1,1,1
2026-05-11,5105259,Lucas do Rio Verde,Hospital Municipal Lucas do Rio Verde,1,1,1,1
2026-05-12,5105259,Lucas do Rio Verde,UPA Lucas do Rio Verde,1,1,1,1
2026-05-12,5105259,Lucas do Rio Verde,Hospital Municipal Lucas do Rio Verde,1,1,1,1
2026-05-13,5105259,Lucas do Rio Verde,UPA Lucas do Rio Verde,1,1,1,1
2026-05-13,5105259,Lucas do Rio Verde,Hospital Municipal Lucas do Rio Verde,1,1,1,1
2026-05-14,5105259,Lucas do Rio Verde,UPA Lucas do Rio Verde,1,1,1,1
2026-05-14,5105259,Lucas do Rio Verde,Hospital Municipal Lucas do Rio Verde,1,1,1,0
2026-05-15,5105259,Lucas do Rio Verde,UPA Lucas do Rio Verde,1,1,1,1
2026-05-15,5105259,Lucas do Rio Verde,Hospital Municipal Lucas do Rio Verde,1,1,1,1
2026-05-16,5105259,Lucas do Rio Verde,UPA Lucas do Rio Verde,1,1,1,1
2026-05-16,5105259,Lucas do Rio Verde,Hospital Municipal Lucas do Rio Verde,1,1,1,1
2026-05-17,5105259,Lucas do Rio Verde,UPA Lucas do Rio Verde,1,1,1,1
2026-05-17,5105259,Lucas do Rio Verde,Hospital Municipal Lucas do Rio Verde,1,1,1,1
2026-05-18,5105259,Lucas do Rio Verde,UPA Lucas do Rio Verde,1,1,1,1
2026-05-18,5105259,Lucas do Rio Verde,Hospital Municipal Lucas do Rio Verde,1,1,1,1
2026-05-19,5105259,Lucas do Rio Verde,UPA Lucas do Rio Verde,1,1,1,1
2026-05-19,5105259,Lucas do Rio Verde,Hospital Municipal Lucas do Rio Verde,1,1,1,1
2026-05-20,5105259,Lucas do Rio Verde,UPA Lucas do Rio Verde,1,1,1,1
2026-05-20,5105259,Lucas do Rio Verde,Hospital Municipal Lucas do Rio Verde,1,1,1,0
2026-05-21,5105259,Lucas do Rio Verde,UPA Lucas do Rio Verde,1,1,1,1
2026-05-21,5105259,Lucas do Rio Verde,Hospital Municipal Lucas do Rio Verde,1,1,1,1
2026-05-22,5105259,Lucas do Rio Verde,UPA Lucas do Rio Verde,1,1,1,1
2026-05-22,5105259,Lucas do Rio Verde,Hospital Municipal Lucas do Rio Verde,1,1,1,1
2026-05-23,5105259,Lucas do Rio Verde,UPA Lucas do Rio Verde,1,1,1,1
2026-05-23,5105259,Lucas do Rio Verde,Hospital Municipal Lucas do Rio Verde,1,1,1,1
2026-05-24,5105259,Lucas do Rio Verde,UPA Lucas do Rio Verde,1,1,1,1
2026-05-24,5105259,Lucas do Rio Verde,Hospital Municipal Lucas do Rio Verde,1,1,1,1
2026-05-25,5105259,Lucas do Rio Verde,UPA Lucas do Rio Verde,1,1,1,1
2026-05-25,5105259,Lucas do Rio Verde,Hospital Municipal Lucas do Rio Verde,1,1,1,1
2026-05-26,5105259,Lucas do Rio Verde,UPA Lucas do Rio Verde,1,1,1,1
2026-05-26,5105259,Lucas do Rio Verde,Hospital Municipal Lucas do Rio Verde,1,1,1,1
2026-05-27,5105259,Lucas do Rio Verde,UPA Lucas do Rio Verde,1,1,1,1
2026-05-27,5105259,Lucas do Rio Verde,Hospital Municipal Lucas do Rio Verde,1,1,1,1
2026-05-28,5105259,Lucas do Rio Verde,UPA Lucas do Rio Verde,1,1,1,1
2026-05-28,5105259,Lucas do Rio Verde,Hospital Municipal Lucas do Rio Verde,1,1,1,1
2026-05-29,5105259,Lucas do Rio Verde,UPA Lucas do Rio Verde,1,1,1,1
2026-05-29,5105259,Lucas do Rio Verde,Hospital Municipal Lucas do Rio Verde,1,1,1,1
2026-05-30,5105259,Lucas do Rio Verde,UPA Lucas do Rio Verde,1,1,1,1
2026-05-30,5105259,Lucas do Rio Verde,Hospital Municipal Lucas do Rio Verde,1,1,1,1
2026-05-31,5105259,Lucas do Rio Verde,UPA Lucas do Rio Verde,1,1,1,1
2026-05-31,5105259,Lucas do Rio Verde,Hospital Municipal Lucas do Rio Verde,1,1,1,1
2026-06-01,5105259,Lucas do Rio Verde,UPA Lucas do Rio Verde,1,1,1,1
2026-06-01,5105259,Lucas do Rio Verde,Hospital Municipal Lucas do Rio Verde,1,1,1,1
2026-06-02,5105259,Lucas do Rio Verde,UPA Lucas do Rio Verde,1,1,1,1
2026-06-02,5105259,Lucas do Rio Verde,Hospital Municipal Lucas do Rio Verde,1,1,1,1
2026-06-03,5105259,Lucas do Rio Verde,UPA Lucas do Rio Verde,1,1,1,1
2026-06-03,5105259,Lucas do Rio Verde,Hospital Municipal Lucas do Rio Verde,1,1,1,1
2026-06-04,5105259,Lucas do Rio Verde,UPA Lucas do Rio Verde,1,1,1,1
2026-06-04,5105259,Lucas do Rio Verde,Hospital Municipal Lucas do Rio Verde,1,1,1,1
2026-06-05,5105259,Lucas do Rio Verde,UPA Lucas do Rio Verde,1,1,1,1
2026-06-05,5105259,Lucas do Rio Verde,Hospital Municipal Lucas do Rio Verde,1,1,1,1
2026-06-06,5105259,Lucas do Rio Verde,UPA Lucas do Rio Verde,1,1,1,1
2026-06-06,5105259,Lucas do Rio Verde,Hospital Municipal Lucas do Rio Verde,1,1,1,1
2026-06-07,5105259,Lucas do Rio Verde,UPA Lucas do Rio Verde,1,1,1,1
2026-06-07,5105259,Lucas do Rio Verde,Hospital Municipal Lucas do Rio Verde,1,1,1,1
2026-06-08,5105259,Lucas do Rio Verde,UPA Lucas do Rio Verde,1,1,1,1
2026-06-08,5105259,Lucas do Rio Verde,Hospital Municipal Lucas do Rio Verde,1,1,1,1
2026-06-09,5105259,Lucas do Rio Verde,UPA Lucas do Rio Verde,1,1,1,1
2026-06-09,5105259,Lucas do Rio Verde,Hospital Municipal Lucas do Rio Verde,1,1,1,1
2026-06-10,5105259,Lucas do Rio Verde,UPA Lucas do Rio Verde,1,1,1,1
2026-06-10,5105259,Lucas do Rio Verde,Hospital Municipal Lucas do Rio Verde,1,1,1,1
2026-06-11,5105259,Lucas do Rio Verde,UPA Lucas do Rio Verde,1,1,1,1
2026-06-11,5105259,Lucas do Rio Verde,Hospital Municipal Lucas do Rio Verde,1,1,1,1
2026-06-12,5105259,Lucas do Rio Verde,UPA Lucas do Rio Verde,1,1,1,1
2026-06-12,5105259,Lucas do Rio Verde,Hospital Municipal Lucas do Rio Verde,1,1,1,1
2026-06-13,5105259,Lucas do Rio Verde,UPA Lucas do Rio Verde,1,1,1,1
2026-06-13,5105259,Lucas do Rio Verde,Hospital Municipal Lucas do Rio Verde,0,1,1,1
2026-06-14,5105259,Lucas do Rio Verde,UPA Lucas do Rio Verde,1,1,1,1
2026-06-14,5105259,Lucas do Rio Verde,Hospital Municipal Lucas do Rio Verde,1,1,0,1
2026-06-15,5105259,Lucas do Rio Verde,UPA Lucas do Rio Verde,1,0,1,1
2026-06-15,5105259,Lucas do Rio Verde,Hospital Municipal Lucas do Rio Verde,1,1,0,1
2026-06-16,5105259,Lucas do Rio Verde,UPA Lucas do Rio Verde,1,1,1,1
2026-06-16,5105259,Lucas do Rio Verde,Hospital Municipal Lucas do Rio Verde,1,1,1,1
2026-06-17,5105259,Lucas do Rio Verde,UPA Lucas do Rio Verde,1,1,1,0
2026-06-17,5105259,Lucas do Rio Verde,Hospital Municipal Lucas do Rio Verde,1,1,0,1
2026-06-18,5105259,Lucas do Rio Verde,UPA Lucas do Rio Verde,1,1,1,1
2026-06-18,5105259,Lucas do Rio Verde,Hospital Municipal Lucas do Rio Verde,0,1,0,1
2026-04-28,5106224,Nova Mutum,UPA Nova Mutum,1,1,1,1
2026-04-28,5106224,Nova Mutum,Hospital Municipal Nova Mutum,1,1,1,1
2026-04-29,5106224,Nova Mutum,UPA Nova Mutum,1,1,1,1
2026-04-29,5106224,Nova Mutum,Hospital Municipal Nova Mutum,1,1,1,1
2026-04-30,5106224,Nova Mutum,UPA Nova Mutum,1,1,1,1
2026-04-30,5106224,Nova Mutum,Hospital Municipal Nova Mutum,1,1,1,1
2026-05-01,5106224,Nova Mutum,UPA Nova Mutum,1,1,1,1
2026-05-01,5106224,Nova Mutum,Hospital Municipal Nova Mutum,1,1,1,1
2026-05-02,5106224,Nova Mutum,UPA Nova Mutum,1,1,1,1
2026-05-02,5106224,Nova Mutum,Hospital Municipal Nova Mutum,1,1,1,1
2026-05-03,5106224,Nova Mutum,UPA Nova Mutum,1,1,1,1
2026-05-03,5106224,Nova Mutum,Hospital Municipal Nova Mutum,1,1,1,1
2026-05-04,5106224,Nova Mutum,UPA Nova Mutum,1,1,1,1
2026-05-04,5106224,Nova Mutum,Hospital Municipal Nova Mutum,1,1,1,1
2026-05-05,5106224,Nova Mutum,UPA Nova Mutum,1,1,1,1
2026-05-05,5106224,Nova Mutum,Hospital Municipal Nova Mutum,1,1,1,1
2026-05-06,5106224,Nova Mutum,UPA Nova Mutum,1,1,1,0
2026-05-06,5106224,Nova Mutum,Hospital Municipal Nova Mutum,1,1,1,1
2026-05-07,5106224,Nova Mutum,UPA Nova Mutum,1,1,1,0
2026-05-07,5106224,Nova Mutum,Hospital Municipal Nova Mutum,1,1,1,1
2026-05-08,5106224,Nova Mutum,UPA Nova Mutum,1,1,1,1
2026-05-08,5106224,Nova Mutum,Hospital Municipal Nova Mutum,1,1,1,0
2026-05-09,5106224,Nova Mutum,UPA Nova Mutum,1,1,1,1
2026-05-09,5106224,Nova Mutum,Hospital Municipal Nova Mutum,1,1,1,0
2026-05-10,5106224,Nova Mutum,UPA Nova Mutum,1,1,1,1
2026-05-10,5106224,Nova Mutum,Hospital Municipal Nova Mutum,1,1,1,1
2026-05-11,5106224,Nova Mutum,UPA Nova Mutum,1,1,1,1
2026-05-11,5106224,Nova Mutum,Hospital Municipal Nova Mutum,1,1,1,1
2026-05-12,5106224,Nova Mutum,UPA Nova Mutum,1,1,1,1
2026-05-12,5106224,Nova Mutum,Hospital Municipal Nova Mutum,1,1,1,0
2026-05-13,5106224,Nova Mutum,UPA Nova Mutum,1,1,1,1
2026-05-13,5106224,Nova Mutum,Hospital Municipal Nova Mutum,1,1,1,1
2026-05-14,5106224,Nova Mutum,UPA Nova Mutum,1,1,1,0
2026-05-14,5106224,Nova Mutum,Hospital Municipal Nova Mutum,1,1,1,1
2026-05-15,5106224,Nova Mutum,UPA Nova Mutum,1,1,1,1
2026-05-15,5106224,Nova Mutum,Hospital Municipal Nova Mutum,1,1,1,1
2026-05-16,5106224,Nova Mutum,UPA Nova Mutum,1,1,1,1
2026-05-16,5106224,Nova Mutum,Hospital Municipal Nova Mutum,1,1,1,1
2026-05-17,5106224,Nova Mutum,UPA Nova Mutum,1,1,1,1
2026-05-17,5106224,Nova Mutum,Hospital Municipal Nova Mutum,1,1,1,1
2026-05-18,5106224,Nova Mutum,UPA Nova Mutum,1,1,1,1
2026-05-18,5106224,Nova Mutum,Hospital Municipal Nova Mutum,1,1,1,1
2026-05-19,5106224,Nova Mutum,UPA Nova Mutum,1,1,1,1
2026-05-19,5106224,Nova Mutum,Hospital Municipal Nova Mutum,1,1,1,1
2026-05-20,5106224,Nova Mutum,UPA Nova Mutum,1,1,1,1
2026-05-20,5106224,Nova Mutum,Hospital Municipal Nova Mutum,1,1,1,1
2026-05-21,5106224,Nova Mutum,UPA Nova Mutum,1,1,1,1
2026-05-21,5106224,Nova Mutum,Hospital Municipal Nova Mutum,1,1,1,1
2026-05-22,5106224,Nova Mutum,UPA Nova Mutum,1,1,1,1
2026-05-22,5106224,Nova Mutum,Hospital Municipal Nova Mutum,1,1,1,1
2026-05-23,5106224,Nova Mutum,UPA Nova Mutum,1,1,1,0
2026-05-23,5106224,Nova Mutum,Hospital Municipal Nova Mutum,1,1,1,1
2026-05-24,5106224,Nova Mutum,UPA Nova Mutum,1,1,1,1
2026-05-24,5106224,Nova Mutum,Hospital Municipal Nova Mutum,1,1,1,0
2026-05-25,5106224,Nova Mutum,UPA Nova Mutum,1,1,1,1
2026-05-25,5106224,Nova Mutum,Hospital Municipal Nova Mutum,1,1,1,1
2026-05-26,5106224,Nova Mutum,UPA Nova Mutum,1,1,1,1
2026-05-26,5106224,Nova Mutum,Hospital Municipal Nova Mutum,1,1,1,1
2026-05-27,5106224,Nova Mutum,UPA Nova Mutum,1,1,1,1
2026-05-27,5106224,Nova Mutum,Hospital Municipal Nova Mutum,1,1,1,1
2026-05-28,5106224,Nova Mutum,UPA Nova Mutum,1,1,1,1
2026-05-28,5106224,Nova Mutum,Hospital Municipal Nova Mutum,1,1,1,1
2026-05-29,5106224,Nova Mutum,UPA Nova Mutum,1,1,1,1
2026-05-29,5106224,Nova Mutum,Hospital Municipal Nova Mutum,1,1,1,1
2026-05-30,5106224,Nova Mutum,UPA Nova Mutum,1,1,1,1
2026-05-30,5106224,Nova Mutum,Hospital Municipal Nova Mutum,1,1,1,1
2026-05-31,5106224,Nova Mutum,UPA Nova Mutum,1,1,1,1
2026-05-31,5106224,Nova Mutum,Hospital Municipal Nova Mutum,1,1,1,0
2026-06-01,5106224,Nova Mutum,UPA Nova Mutum,1,1,1,1
2026-06-01,5106224,Nova Mutum,Hospital Municipal Nova Mutum,1,1,1,1
2026-06-02,5106224,Nova Mutum,UPA Nova Mutum,1,1,1,1
2026-06-02,5106224,Nova Mutum,Hospital Municipal Nova Mutum,1,1,1,1
2026-06-03,5106224,Nova Mutum,UPA Nova Mutum,1,1,1,1
2026-06-03,5106224,Nova Mutum,Hospital Municipal Nova Mutum,1,1,1,1
2026-06-04,5106224,Nova Mutum,UPA Nova Mutum,1,1,1,1
2026-06-04,5106224,Nova Mutum,Hospital Municipal Nova Mutum,1,1,1,1
2026-06-05,5106224,Nova Mutum,UPA Nova Mutum,1,1,1,1
2026-06-05,5106224,Nova Mutum,Hospital Municipal Nova Mutum,1,1,1,1
2026-06-06,5106224,Nova Mutum,UPA Nova Mutum,1,1,1,1
2026-06-06,5106224,Nova Mutum,Hospital Municipal Nova Mutum,1,1,1,0
2026-06-07,5106224,Nova Mutum,UPA Nova Mutum,1,1,1,1
2026-06-07,5106224,Nova Mutum,Hospital Municipal Nova Mutum,1,1,1,1
2026-06-08,5106224,Nova Mutum,UPA Nova Mutum,1,1,1,1
2026-06-08,5106224,Nova Mutum,Hospital Municipal Nova Mutum,0,1,1,1
2026-06-09,5106224,Nova Mutum,UPA Nova Mutum,1,1,1,1
2026-06-09,5106224,Nova Mutum,Hospital Municipal Nova Mutum,1,1,1,1
2026-06-10,5106224,Nova Mutum,UPA Nova Mutum,1,1,1,1
2026-06-10,5106224,Nova Mutum,Hospital Municipal Nova Mutum,0,1,1,1
2026-06-11,5106224,Nova Mutum,UPA Nova Mutum,1,1,1,1
2026-06-11,5106224,Nova Mutum,Hospital Municipal Nova Mutum,1,1,1,1
2026-06-12,5106224,Nova Mutum,UPA Nova Mutum,1,1,1,1
2026-06-12,5106224,Nova Mutum,Hospital Municipal Nova Mutum,1,1,1,1
2026-06-13,5106224,Nova Mutum,UPA Nova Mutum,1,1,1,1
2026-06-13,5106224,Nova Mutum,Hospital Municipal Nova Mutum,1,1,1,1
2026-06-14,5106224,Nova Mutum,UPA Nova Mutum,1,1,0,1
2026-06-14,5106224,Nova Mutum,Hospital Municipal Nova Mutum,1,1,1,1
2026-06-15,5106224,Nova Mutum,UPA Nova Mutum,1,1,1,1
2026-06-15,5106224,Nova Mutum,Hospital Municipal Nova Mutum,1,0,1,1
2026-06-16,5106224,Nova Mutum,UPA Nova Mutum,1,1,1,1
2026-06-16,5106224,Nova Mutum,Hospital Municipal Nova Mutum,1,1,0,1
2026-06-17,5106224,Nova Mutum,UPA Nova Mutum,1,1,1,1
2026-06-17,5106224,Nova Mutum,Hospital Municipal Nova Mutum,0,1,1,1
2026-06-18,5106224,Nova Mutum,UPA Nova Mutum,1,1,1,1
2026-06-18,5106224,Nova Mutum,Hospital Municipal Nova Mutum,1,1,1,1
